TDS,EC,pH,B1,B11,B12,B2,B3,B4,B5,B6,B7,B8,B8A,B9
0.651074555,0.846153846,0.813432836,0.123074725,0.24665438,0.16829595,0.10955318,0.11632102,0.12435932,0.15463713,0.22589087,0.26033664,0.25963607,0.29122627,0.09822547
1,0.857988166,0.802238806,0.12296541,0.24662589,0.16811347,0.10945928,0.11631572,0.12429896,0.15483437,0.22649792,0.26107073,0.2604771,0.2920963,0.099031016
0.67817556,0.884615385,0.835820896,0.123074725,0.24665438,0.16829595,0.10955318,0.11632102,0.12435932,0.15463713,0.22589087,0.26033664,0.25963607,0.29122627,0.09822547
0.70188894,0.917159763,0.873134328,0.12296541,0.24662589,0.16811347,0.10945928,0.11631572,0.12429896,0.15483437,0.22649792,0.26107073,0.2604771,0.2920963,0.099031016
0.253706062,0.375739645,0.529850746,0.122857966,0.24658403,0.16793446,0.1093649,0.1162991,0.12422785,0.15499699,0.22703555,0.2617221,0.26122895,0.29287001,0.09978111
0.021680804,0.029585799,0.503731343,0.13068838,0.2442496,0.18066934,0.11881026,0.12592335,0.14049172,0.16300227,0.21900128,0.24793522,0.24409845,0.2726651,0.094323166
0,0,0.436567164,0.12889484,0.2433795,0.1777214,0.11693439,0.124460734,0.13788599,0.16273059,0.22285391,0.25299096,0.25030667,0.27906668,0.10101894
0.02883547,0.041420118,0.507462687,0.13522853,0.24449196,0.18802866,0.12441404,0.13238734,0.15075476,0.17016914,0.21932209,0.24597283,0.24053305,0.26804543,0.093756646
0.502561045,0.686390533,0.708955224,0.1289856,0.24408796,0.17789543,0.116815865,0.123889446,0.13712938,0.16127229,0.2204681,0.25044116,0.24738355,0.27635017,0.096606344
0.084988753,0.115384615,0.593283582,0.13077602,0.2441598,0.18080637,0.11895993,0.12618236,0.14086796,0.16345577,0.21949787,0.24842511,0.24462129,0.2731405,0.09510778
0.074581967,0.103550296,0.548507463,0.13522853,0.24449196,0.18802866,0.12441404,0.13238734,0.15075476,0.17016914,0.21932209,0.24597283,0.24053305,0.26804543,0.093756646
0.668012683,0.884615385,0.921641791,0.123074725,0.24665438,0.16829595,0.10955318,0.11632102,0.12435932,0.15463713,0.22589087,0.26033664,0.25963607,0.29122627,0.09822547
0.705276566,0.920118343,0.932835821,0.12296541,0.24662589,0.16811347,0.10945928,0.11631572,0.12429896,0.15483437,0.22649792,0.26107073,0.2604771,0.2920963,0.099031016
0.659543619,0.866863905,0.867537313,0.1492696,0.2836508,0.21854252,0.12583086,0.12794359,0.15060453,0.16520607,0.19588085,0.21808288,0.2159421,0.24371961,0.0937865
0.852638283,0.890532544,0.867537313,0.15026347,0.2845416,0.21924603,0.12638281,0.12854324,0.15130185,0.16597334,0.19667378,0.21891598,0.21682635,0.24463217,0.09488082
0.647686929,0.843195266,0.708955224,0.1492696,0.2836508,0.21854252,0.12583086,0.12794359,0.15060453,0.16520607,0.19588085,0.21808288,0.2159421,0.24371961,0.0937865
0.629393751,0.849112426,0.71641791,0.15026347,0.2845416,0.21924603,0.12638281,0.12854324,0.15130185,0.16597334,0.19667378,0.21891598,0.21682635,0.24463217,0.09488082
0.174774384,0.227810651,0.358208955,0.15120317,0.28536603,0.21988703,0.12690103,0.1291039,0.15195128,0.16668662,0.19740695,0.21968408,0.21764319,0.24547242,0.09591259
0.590097293,0.766272189,0.791044776,0.12426691,0.2772236,0.21732955,0.113960855,0.1167129,0.14127281,0.15522277,0.18187277,0.20206662,0.20376231,0.22768132,0.08853142
0.562996287,0.730769231,0.776119403,0.12425847,0.27769002,0.217666,0.11399629,0.11679742,0.14141764,0.1554355,0.18211114,0.20233916,0.20411927,0.22804028,0.088971905
0.678514323,0.881656805,0.888059701,0.12426691,0.2772236,0.21732955,0.113960855,0.1167129,0.14127281,0.15522277,0.18187277,0.20206662,0.20376231,0.22768132,0.08853142
0.689015962,0.881656805,0.880597015,0.12425847,0.27769002,0.217666,0.11399629,0.11679742,0.14141764,0.1554355,0.18211114,0.20233916,0.20411927,0.22804028,0.088971905
0.139204314,0.183431953,0.645522388,0.12424321,0.27810708,0.21795666,0.11402234,0.116867706,0.14154108,0.15562105,0.182317,0.20257366,0.20443396,0.22835241,0.08938443
0.671400309,0.902366864,0.776119403,0.124048404,0.2870436,0.22727022,0.11490333,0.11888325,0.14782348,0.1626334,0.18429743,0.20303823,0.20598496,0.22840546,0.09604907
0.669706496,0.902366864,0.794776119,0.12404689,0.28750908,0.2276573,0.114944786,0.11896106,0.14796963,0.1628144,0.18447709,0.20326988,0.2062858,0.22872142,0.09626008
0.214070842,0.286982249,0.593283582,0.124037266,0.28792423,0.2279908,0.114976756,0.11902548,0.14809364,0.16296962,0.18462983,0.20346747,0.20654893,0.22899532,0.0964606
0.13010854,0.174556213,0.664179104,0.12407987,0.2697686,0.19048178,0.11443981,0.119654484,0.1430307,0.16516851,0.21371667,0.24215169,0.24240442,0.2729257,0.0899598
0.722214694,0.970414201,0.970149254,0.124104135,0.27056792,0.19101664,0.11455497,0.11986725,0.14347889,0.16573061,0.21414612,0.24260846,0.24299158,0.2735286,0.0904268
0.744234261,1,0.955223881,0.124118574,0.27127963,0.19149035,0.11465021,0.12004936,0.14387254,0.16622663,0.2145147,0.24299799,0.2435056,0.27404958,0.09086312
0.128126779,0.171597633,0.514925373,0.13113895,0.26095694,0.19490229,0.122015916,0.12802547,0.15468974,0.17104378,0.20761123,0.23152693,0.22915205,0.25626776,0.08346348
0.327183664,0.440828402,0.526119403,0.12953594,0.26243836,0.19382852,0.120285794,0.12611605,0.15215349,0.16961843,0.20820384,0.23286495,0.2312428,0.25876823,0.08528117
0.031901271,0.044378698,0.208955224,0.13556701,0.26013002,0.19983037,0.12713078,0.13398921,0.16318229,0.17703304,0.20791385,0.23002191,0.22603725,0.25224218,0.08015685
0.132310496,0.177514793,0.320895522,0.13556701,0.26013002,0.19983037,0.12713078,0.13398921,0.16318229,0.17703304,0.20791385,0.23002191,0.22603725,0.25224218,0.08015685
0.1219613,0.162721893,0.664179104,0.12525837,0.28119755,0.20593081,0.119753465,0.12456314,0.1501674,0.16901581,0.20558801,0.23111619,0.2316407,0.26052815,0.09358576
0.745250549,0.970414201,1,0.12520365,0.28167266,0.20635255,0.11969795,0.1245852,0.15042925,0.16928756,0.20567532,0.23120694,0.23188473,0.26074067,0.09396032
0.767947641,1,0.992537313,0.12514822,0.2820936,0.20673312,0.119642094,0.12459804,0.15065649,0.16952218,0.20573737,0.23126876,0.23208833,0.2609105,0.094310045
0.334670316,0.449704142,0.589552239,0.13153996,0.27235934,0.21038118,0.1255872,0.13129698,0.15890667,0.17318186,0.20236376,0.22538075,0.22330293,0.25015956,0.0914704
0.032561858,0.044378698,0.649253731,0.13781191,0.267473,0.21548994,0.1314177,0.13835557,0.16875169,0.17937428,0.20264429,0.22406375,0.21962805,0.24552457,0.08881259
0.121080517,0.162721893,0.634328358,0.13329475,0.27050328,0.21136121,0.1272227,0.1331866,0.16131254,0.1745664,0.20228249,0.22484252,0.221976,0.248578,0.090410955
0.129668148,0.174556213,0.645522388,0.13781191,0.267473,0.21548994,0.1314177,0.13835557,0.16875169,0.17937428,0.20264429,0.22406375,0.21962805,0.24552457,0.08881259
0.130989322,0.177514793,0.641791045,0.12571971,0.27907833,0.21394026,0.116922624,0.121124044,0.14972538,0.1649529,0.19078891,0.21164185,0.21239969,0.23707731,0.08724917
0.700195127,0.940828402,0.955223881,0.12572107,0.27970785,0.21448931,0.11701458,0.12130175,0.15011014,0.1653688,0.19108663,0.21196777,0.21278873,0.23746324,0.08757398
0.722214694,0.970414201,0.947761194,0.1257146,0.28026623,0.21497709,0.11709139,0.121455565,0.15044922,0.16573523,0.19134147,0.21224551,0.21312548,0.2377913,0.08787635
0.322339359,0.431952663,0.552238806,0.13120164,0.2701651,0.21468666,0.12299433,0.12835528,0.15845859,0.17111796,0.19247484,0.21128158,0.20966934,0.23222828,0.08587698
0.033883032,0.044378698,0.46641791,0.13722648,0.26598734,0.21826999,0.12954368,0.13622704,0.16851486,0.1791768,0.19714558,0.21469575,0.21088307,0.23258866,0.08412124
0.119979539,0.162721893,0.462686567,0.13282502,0.2683405,0.21508634,0.12467711,0.13031374,0.1608025,0.17287791,0.19340104,0.21182306,0.20955059,0.2318532,0.0851055
0.123722865,0.165680473,0.425373134,0.13722648,0.26598734,0.21826999,0.12954368,0.13622704,0.16851486,0.1791768,0.19714558,0.21469575,0.21088307,0.23258866,0.08412124
0.048415946,0.065088757,0.167910448,0.14535439,0.2098727,0.13463831,0.11852187,0.11841638,0.10318739,0.1315128,0.22997683,0.26944432,0.25497037,0.28919277,0.07197657
0.563673812,0.733727811,0.813432836,0.146103,0.20985954,0.13459824,0.11893552,0.118869334,0.103527166,0.13203445,0.23097952,0.27063298,0.25612596,0.29042763,0.07266542
0.563673812,0.733727811,0.779850746,0.14681235,0.20984697,0.13457297,0.11932796,0.11930084,0.10385974,0.13253424,0.23191534,0.27173722,0.25720218,0.29157385,0.07331888
0.039167728,0.053254438,0.302238806,0.1646,0.21925,0.17795,0.14935,0.1533,0.17505,0.17615,0.19795,0.2172,0.1983,0.22705,0.0481
0.55418846,0.733727811,0.817164179,0.1646,0.21925,0.17795,0.14935,0.1533,0.17505,0.17615,0.19795,0.2172,0.1983,0.22705,0.0481
0.54097672,0.704142012,0.824626866,0.1646,0.21925,0.17795,0.14935,0.1533,0.17505,0.17615,0.19795,0.2172,0.1983,0.22705,0.0481
0.356920242,0.464497041,0.421641791,0.1646,0.21925,0.17795,0.14935,0.1533,0.17505,0.17615,0.19795,0.2172,0.1983,0.22705,0.0481
0.032782054,0.044378698,0.145522388,0.1646,0.21925,0.17795,0.14935,0.1533,0.17505,0.17615,0.19795,0.2172,0.1983,0.22705,0.0481
0.027937749,0.038461538,0.134328358,0.1646,0.21925,0.17795,0.14935,0.1533,0.17505,0.17615,0.19795,0.2172,0.1983,0.22705,0.0481
0.032782054,0.044378698,0.205223881,0.1646,0.21925,0.17795,0.14935,0.1533,0.17505,0.17615,0.19795,0.2172,0.1983,0.22705,0.0481
0.115999079,0.213017751,0.447761194,0.1205219,0.23002361,0.15491305,0.10384241,0.1079148,0.110148706,0.1414325,0.2164264,0.24864939,0.24652122,0.2751192,0.09621652
0.586370904,0.763313609,0.776119403,0.120625995,0.23066904,0.15530501,0.103940114,0.10806492,0.11043415,0.1418347,0.21693005,0.24926294,0.24718451,0.27583858,0.09668911
0.586370904,0.763313609,0.77238806,0.1207202,0.23125148,0.15565512,0.104027405,0.10819906,0.11069149,0.14219871,0.21738683,0.24982193,0.24779032,0.2764923,0.097131856
0.344358926,0.461538462,0.51119403,0.129131,0.23312174,0.1677593,0.113836676,0.11848575,0.12793565,0.15320326,0.21412994,0.24284463,0.23923814,0.26529026,0.09325726
0.02114556,0.047337278,0.208955224,0.13682765,0.2377401,0.18062922,0.122903876,0.12828377,0.14418396,0.16439684,0.21328267,0.2387967,0.23373671,0.25821885,0.0894016
0.086526735,0.162721893,0.223880597,0.13114426,0.23374124,0.1708889,0.116228454,0.121023804,0.13211612,0.15588103,0.21339867,0.24113482,0.23708662,0.2626388,0.09178873
0.098552806,0.183431953,0.582089552,0.13682765,0.2377401,0.18062922,0.122903876,0.12828377,0.14418396,0.16439684,0.21328267,0.2387967,0.23373671,0.25821885,0.0894016
0.170031708,0.233727811,0.097014925,0.23996213,0.37853315,0.32246983,0.23149729,0.23808812,0.2710192,0.2819816,0.3023681,0.3217571,0.31769428,0.34247625,0.18263085
0.32857259,0.449704142,0.194029851,0.2382583,0.38026816,0.32281163,0.22986557,0.23622896,0.26879498,0.280288,0.3012937,0.3210185,0.3175775,0.34254885,0.18403696
0.036559256,0.050295858,0,0.24461089,0.37606856,0.3237379,0.23617576,0.24347533,0.277577,0.28713414,0.30585697,0.32446525,0.31890616,0.3431853,0.17964968
0.163595219,0.224852071,0.044776119,0.24461089,0.37606856,0.3237379,0.23617576,0.24347533,0.277577,0.28713414,0.30585697,0.32446525,0.31890616,0.3431853,0.17964968
0.106818945,0.106818945,0.151851852,0.2539348,0.3388975,0.27860257,0.23155811,0.23736131,0.25162405,0.26497206,0.31278223,0.33945706,0.3263153,0.35812953,0.16794677
0.101108498,0.101108498,0.307407407,0.2539348,0.3388975,0.27860257,0.23155811,0.23736131,0.25162405,0.26497206,0.31278223,0.33945706,0.3263153,0.35812953,0.16794677
0.104803493,0.104803493,0.237037037,0.2539348,0.3388975,0.27860257,0.23155811,0.23736131,0.25162405,0.26497206,0.31278223,0.33945706,0.3263153,0.35812953,0.16794677
0.002687269,0.002687269,0.196296296,0.2580199,0.3372426,0.2736666,0.22676976,0.2313542,0.24154113,0.25739166,0.31175068,0.34003142,0.32802993,0.36016768,0.1710996
0.004030904,0.004030904,0.214814815,0.2580199,0.3372426,0.2736666,0.22676976,0.2313542,0.24154113,0.25739166,0.31175068,0.34003142,0.32802993,0.36016768,0.1710996
0.010413168,0.010413168,0.218518519,0.2580199,0.3372426,0.2736666,0.22676976,0.2313542,0.24154113,0.25739166,0.31175068,0.34003142,0.32802993,0.36016768,0.1710996
0.088008062,0.088008062,0.27037037,0.25069895,0.33832136,0.2729686,0.22443303,0.22916757,0.23897761,0.25598854,0.3115946,0.34035975,0.32934564,0.36141792,0.1727441
0.084648975,0.084648975,0.259259259,0.25069895,0.33832136,0.2729686,0.22443303,0.22916757,0.23897761,0.25598854,0.3115946,0.34035975,0.32934564,0.36141792,0.1727441
0.080618072,0.080618072,0.248148148,0.25069895,0.33832136,0.2729686,0.22443303,0.22916757,0.23897761,0.25598854,0.3115946,0.34035975,0.32934564,0.36141792,0.1727441
0.083305341,0.083305341,0.203703704,0.25322998,0.3378379,0.27219146,0.22352724,0.22787037,0.23668866,0.25407526,0.3111359,0.340255,0.32933903,0.36152476,0.1728942
0.081961706,0.081961706,0.214814815,0.25322998,0.3378379,0.27219146,0.22352724,0.22787037,0.23668866,0.25407526,0.3111359,0.340255,0.32933903,0.36152476,0.1728942
0.084984884,0.084984884,0.188888889,0.25322998,0.3378379,0.27219146,0.22352724,0.22787037,0.23668866,0.25407526,0.3111359,0.340255,0.32933903,0.36152476,0.1728942
0.084984884,0.084984884,0.207407407,0.25947648,0.3369389,0.27335703,0.22672404,0.23118359,0.24108589,0.25697002,0.31168884,0.3400305,0.32797447,0.36014923,0.17111544
0.084984884,0.084984884,0.144444444,0.25947648,0.3369389,0.27335703,0.22672404,0.23118359,0.24108589,0.25697002,0.31168884,0.3400305,0.32797447,0.36014923,0.17111544
0.087000336,0.087000336,0.177777778,0.25947648,0.3369389,0.27335703,0.22672404,0.23118359,0.24108589,0.25697002,0.31168884,0.3400305,0.32797447,0.36014923,0.17111544
0.59455828,0.59455828,0.4,0.25765038,0.3371067,0.27226773,0.22461319,0.22880776,0.23761432,0.2544822,0.3111957,0.3401232,0.32870588,0.36094517,0.17217271
0.591871011,0.591871011,0.42962963,0.25765038,0.3371067,0.27226773,0.22461319,0.22880776,0.23761432,0.2544822,0.3111957,0.3401232,0.32870588,0.36094517,0.17217271
0.580450118,0.580450118,0.455555556,0.25765038,0.3371067,0.27226773,0.22461319,0.22880776,0.23761432,0.2544822,0.3111957,0.3401232,0.32870588,0.36094517,0.17217271
0.104803493,0.104803493,0.166666667,0.25489044,0.37882343,0.31235623,0.2676895,0.27293587,0.29291996,0.3039202,0.34462327,0.36946797,0.35472766,0.38768122,0.16521192
0.10312395,0.10312395,0.244444444,0.25489044,0.37882343,0.31235623,0.2676895,0.27293587,0.29291996,0.3039202,0.34462327,0.36946797,0.35472766,0.38768122,0.16521192
0.105139402,0.105139402,0.262962963,0.25489044,0.37882343,0.31235623,0.2676895,0.27293587,0.29291996,0.3039202,0.34462327,0.36946797,0.35472766,0.38768122,0.16521192
0.020154518,0.020154518,0.22962963,0.25583005,0.3942914,0.3226221,0.28480422,0.28892767,0.3072727,0.31959313,0.36504817,0.39140785,0.37681356,0.41052946,0.1677048
0.019482701,0.019482701,0.225925926,0.25583005,0.3942914,0.3226221,0.28480422,0.28892767,0.3072727,0.31959313,0.36504817,0.39140785,0.37681356,0.41052946,0.1677048
0.020826335,0.020826335,0.266666667,0.25583005,0.3942914,0.3226221,0.28480422,0.28892767,0.3072727,0.31959313,0.36504817,0.39140785,0.37681356,0.41052946,0.1677048
0.078266711,0.078266711,0.296296296,0.25098765,0.38884866,0.3160132,0.27000406,0.27447897,0.29184854,0.30620164,0.35345164,0.38011906,0.3669373,0.4004428,0.17034972
0.074571716,0.074571716,0.303703704,0.25098765,0.38884866,0.3160132,0.27000406,0.27447897,0.29184854,0.30620164,0.35345164,0.38011906,0.3669373,0.4004428,0.17034972
0.077930803,0.077930803,0.296296296,0.25098765,0.38884866,0.3160132,0.27000406,0.27447897,0.29184854,0.30620164,0.35345164,0.38011906,0.3669373,0.4004428,0.17034972
0.078266711,0.078266711,0.233333333,0.2523924,0.39463708,0.32055435,0.27845767,0.28252253,0.29964107,0.31390527,0.3621243,0.38916236,0.37569356,0.40947086,0.17046048
0.087336245,0.087336245,0.251851852,0.2523924,0.39463708,0.32055435,0.27845767,0.28252253,0.29964107,0.31390527,0.3621243,0.38916236,0.37569356,0.40947086,0.17046048
0.084984884,0.084984884,0.259259259,0.2523924,0.39463708,0.32055435,0.27845767,0.28252253,0.29964107,0.31390527,0.3621243,0.38916236,0.37569356,0.40947086,0.17046048
0.075579442,0.075579442,0.285185185,0.2566537,0.39651158,0.32455304,0.28860083,0.2925698,0.3109165,0.32304516,0.36865303,0.39510176,0.38030496,0.41412145,0.16752493
0.076587168,0.076587168,0.27037037,0.2566537,0.39651158,0.32455304,0.28860083,0.2925698,0.3109165,0.32304516,0.36865303,0.39510176,0.38030496,0.41412145,0.16752493
0.075915351,0.075915351,0.314814815,0.2566537,0.39651158,0.32455304,0.28860083,0.2925698,0.3109165,0.32304516,0.36865303,0.39510176,0.38030496,0.41412145,0.16752493
0.551226067,0.551226067,0.392592593,0.25526652,0.39875057,0.32502735,0.28811473,0.2919064,0.3094918,0.32265463,0.37012082,0.39707273,0.38279128,0.41673768,0.16907485
0.560967417,0.560967417,0.455555556,0.25526652,0.39875057,0.32502735,0.28811473,0.2919064,0.3094918,0.32265463,0.37012082,0.39707273,0.38279128,0.41673768,0.16907485
0.565334229,0.565334229,0.466666667,0.25526652,0.39875057,0.32502735,0.28811473,0.2919064,0.3094918,0.32265463,0.37012082,0.39707273,0.38279128,0.41673768,0.16907485
0.115216661,0.115216661,0.425925926,0.27073884,0.38829514,0.3368127,0.29823348,0.30102864,0.3244524,0.3331779,0.36774102,0.39175805,0.37579027,0.40847322,0.17202632
0.113201209,0.113201209,0.377777778,0.27073884,0.38829514,0.3368127,0.29823348,0.30102864,0.3244524,0.3331779,0.36774102,0.39175805,0.37579027,0.40847322,0.17202632
0.112529392,0.112529392,0.403703704,0.27073884,0.38829514,0.3368127,0.29823348,0.30102864,0.3244524,0.3331779,0.36774102,0.39175805,0.37579027,0.40847322,0.17202632
0.025864965,0.025864965,0.340740741,0.26999658,0.39978713,0.3429908,0.30985194,0.31137773,0.3319502,0.34238145,0.38318944,0.40912372,0.39340848,0.42697105,0.17310725
0.025193147,0.025193147,0.307407407,0.26999658,0.39978713,0.3429908,0.30985194,0.31137773,0.3319502,0.34238145,0.38318944,0.40912372,0.39340848,0.42697105,0.17310725
0.022841787,0.022841787,0.311111111,0.26999658,0.39978713,0.3429908,0.30985194,0.31137773,0.3319502,0.34238145,0.38318944,0.40912372,0.39340848,0.42697105,0.17310725
0.09573396,0.09573396,0.385185185,0.27006108,0.39762366,0.34211484,0.3052418,0.30652377,0.3268539,0.33847055,0.37934282,0.40520924,0.39001918,0.42357278,0.17657654
0.096405778,0.096405778,0.344444444,0.27006108,0.39762366,0.34211484,0.3052418,0.30652377,0.3268539,0.33847055,0.37934282,0.40520924,0.39001918,0.42357278,0.17657654
0.094726234,0.094726234,0.396296296,0.27006108,0.39762366,0.34211484,0.3052418,0.30652377,0.3268539,0.33847055,0.37934282,0.40520924,0.39001918,0.42357278,0.17657654
0.135707088,0.135707088,0.292592593,0.26943576,0.40064138,0.343378,0.3084752,0.30946332,0.32890078,0.3407599,0.38358444,0.41007146,0.39488745,0.4286759,0.17579654
0.132348001,0.132348001,0.240740741,0.26943576,0.40064138,0.343378,0.3084752,0.30946332,0.32890078,0.3407599,0.38358444,0.41007146,0.39488745,0.4286759,0.17579654
0.129996641,0.129996641,0.255555556,0.26943576,0.40064138,0.343378,0.3084752,0.30946332,0.32890078,0.3407599,0.38358444,0.41007146,0.39488745,0.4286759,0.17579654
0.093046691,0.093046691,0.385185185,0.2699263,0.40108234,0.3436447,0.31153136,0.31298777,0.3333587,0.3437526,0.3850733,0.41117835,0.3954042,0.4290419,0.17267172
0.097413504,0.097413504,0.377777778,0.2699263,0.40108234,0.3436447,0.31153136,0.31298777,0.3333587,0.3437526,0.3850733,0.41117835,0.3954042,0.4290419,0.17267172
0.096741686,0.096741686,0.374074074,0.2699263,0.40108234,0.3436447,0.31153136,0.31298777,0.3333587,0.3437526,0.3850733,0.41117835,0.3954042,0.4290419,0.17267172
0.6069869,0.6069869,0.433333333,0.2694107,0.40257573,0.34429196,0.3118567,0.31291485,0.33235672,0.34362808,0.38672233,0.41334185,0.39786547,0.4317078,0.17391741
0.588511925,0.588511925,0.411111111,0.2694107,0.40257573,0.34429196,0.3118567,0.31291485,0.33235672,0.34362808,0.38672233,0.41334185,0.39786547,0.4317078,0.17391741
0.597917366,0.597917366,0.422222222,0.2694107,0.40257573,0.34429196,0.3118567,0.31291485,0.33235672,0.34362808,0.38672233,0.41334185,0.39786547,0.4317078,0.17391741
0.123950286,0.123950286,0.388888889,0.2779335,0.38035706,0.32715955,0.28008178,0.2839126,0.30828798,0.3168039,0.34661892,0.36901897,0.35360602,0.38541883,0.18467268
0.12529392,0.12529392,0.548148148,0.2779335,0.38035706,0.32715955,0.28008178,0.2839126,0.30828798,0.3168039,0.34661892,0.36901897,0.35360602,0.38541883,0.18467268
0.126637555,0.126637555,0.414814815,0.2779335,0.38035706,0.32715955,0.28008178,0.2839126,0.30828798,0.3168039,0.34661892,0.36901897,0.35360602,0.38541883,0.18467268
0.119583473,0.119583473,0.42962963,0.27619192,0.3818805,0.3266996,0.2783132,0.28126514,0.303073,0.31341556,0.34778568,0.37147593,0.35688436,0.38901553,0.18691847
0.121934834,0.121934834,0.518518519,0.27619192,0.3818805,0.3266996,0.2783132,0.28126514,0.303073,0.31341556,0.34778568,0.37147593,0.35688436,0.38901553,0.18691847
0.120591199,0.120591199,0.540740741,0.27619192,0.3818805,0.3266996,0.2783132,0.28126514,0.303073,0.31341556,0.34778568,0.37147593,0.35688436,0.38901553,0.18691847
0.029224051,0.029224051,0.57037037,0.27910283,0.3879617,0.3306379,0.28342524,0.28564948,0.3064957,0.31812295,0.3541358,0.3781779,0.36396042,0.39633632,0.19321476
0.027208599,0.027208599,0.577777778,0.27910283,0.3879617,0.3306379,0.28342524,0.28564948,0.3064957,0.31812295,0.3541358,0.3781779,0.36396042,0.39633632,0.19321476
0.027208599,0.027208599,0.537037037,0.27910283,0.3879617,0.3306379,0.28342524,0.28564948,0.3064957,0.31812295,0.3541358,0.3781779,0.36396042,0.39633632,0.19321476
0.11555257,0.11555257,0.262962963,0.27736664,0.38651967,0.3290917,0.28092226,0.2830242,0.30311355,0.31507316,0.35245052,0.37691805,0.36291987,0.39534655,0.19200471
0.105139402,0.105139402,0.459259259,0.27736664,0.38651967,0.3290917,0.28092226,0.2830242,0.30311355,0.31507316,0.35245052,0.37691805,0.36291987,0.39534655,0.19200471
0.104803493,0.104803493,0.485185185,0.27736664,0.38651967,0.3290917,0.28092226,0.2830242,0.30311355,0.31507316,0.35245052,0.37691805,0.36291987,0.39534655,0.19200471
0.128653006,0.128653006,0.455555556,0.27555904,0.3810331,0.3260178,0.2773204,0.28030968,0.30203754,0.31233948,0.3468618,0.3706136,0.3560368,0.38815755,0.18610258
0.015115888,0.015115888,0.455555556,0.27555904,0.3810331,0.3260178,0.2773204,0.28030968,0.30203754,0.31233948,0.3468618,0.3706136,0.3560368,0.38815755,0.18610258
0.106818945,0.106818945,0.462962963,0.27555904,0.3810331,0.3260178,0.2773204,0.28030968,0.30203754,0.31233948,0.3468618,0.3706136,0.3560368,0.38815755,0.18610258
0.543836077,0.543836077,0.633333333,0.2756142,0.38315913,0.32683113,0.27791977,0.2803833,0.30086863,0.3122059,0.34891668,0.37325975,0.3590972,0.39140365,0.18856421
0.533087,0.533087,0.625925926,0.2756142,0.38315913,0.32683113,0.27791977,0.2803833,0.30086863,0.3122059,0.34891668,0.37325975,0.3590972,0.39140365,0.18856421
0.530399731,0.530399731,0.585185185,0.2756142,0.38315913,0.32683113,0.27791977,0.2803833,0.30086863,0.3122059,0.34891668,0.37325975,0.3590972,0.39140365,0.18856421
0.195498824,0.195498824,0.388888889,0.24572833,0.2928143,0.24652389,0.23338655,0.23277773,0.24058081,0.2478535,0.2849584,0.30467173,0.2877421,0.3149103,0.14257483
0.18911656,0.18911656,0.314814815,0.24572833,0.2928143,0.24652389,0.23338655,0.23277773,0.24058081,0.2478535,0.2849584,0.30467173,0.2877421,0.3149103,0.14257483
0.189788378,0.189788378,0.466666667,0.24572833,0.2928143,0.24652389,0.23338655,0.23277773,0.24058081,0.2478535,0.2849584,0.30467173,0.2877421,0.3149103,0.14257483
0.04433994,0.04433994,0.281481481,0.24138035,0.29298154,0.24131401,0.22845967,0.22729771,0.23135741,0.2417303,0.28789136,0.31019035,0.29417405,0.32240993,0.14435004
0.043332214,0.043332214,0.396296296,0.24138035,0.29298154,0.24131401,0.22845967,0.22729771,0.23135741,0.2417303,0.28789136,0.31019035,0.29417405,0.32240993,0.14435004
0.042324488,0.042324488,0.425925926,0.24138035,0.29298154,0.24131401,0.22845967,0.22729771,0.23135741,0.2417303,0.28789136,0.31019035,0.29417405,0.32240993,0.14435004
0.161572052,0.161572052,0.540740741,0.24290457,0.2929229,0.24314037,0.23018683,0.22921878,0.23459075,0.24387684,0.28686318,0.30825573,0.2919193,0.3197809,0.14372772
0.159892509,0.159892509,0.562962963,0.24290457,0.2929229,0.24314037,0.23018683,0.22921878,0.23459075,0.24387684,0.28686318,0.30825573,0.2919193,0.3197809,0.14372772
0.161572052,0.161572052,0.57037037,0.24290457,0.2929229,0.24314037,0.23018683,0.22921878,0.23459075,0.24387684,0.28686318,0.30825573,0.2919193,0.3197809,0.14372772
0.146120255,0.146120255,0.562962963,0.24109493,0.2929925,0.24097203,0.22813627,0.226938,0.23075198,0.24132836,0.28808388,0.3105526,0.29459625,0.32290223,0.14446658
0.147127981,0.147127981,0.540740741,0.24109493,0.2929925,0.24097203,0.22813627,0.226938,0.23075198,0.24132836,0.28808388,0.3105526,0.29459625,0.32290223,0.14446658
0.148807524,0.148807524,0.548148148,0.24109493,0.2929925,0.24097203,0.22813627,0.226938,0.23075198,0.24132836,0.28808388,0.3105526,0.29459625,0.32290223,0.14446658
0.163251596,0.163251596,0.596296296,0.24078523,0.29300442,0.24060093,0.22778533,0.22654766,0.230095,0.2408922,0.2882928,0.3109457,0.2950544,0.32343644,0.14459302
0.162915687,0.162915687,0.611111111,0.24078523,0.29300442,0.24060093,0.22778533,0.22654766,0.230095,0.2408922,0.2882928,0.3109457,0.2950544,0.32343644,0.14459302
0.164259321,0.164259321,0.603703704,0.24078523,0.29300442,0.24060093,0.22778533,0.22654766,0.230095,0.2408922,0.2882928,0.3109457,0.2950544,0.32343644,0.14459302
0.63385959,0.63385959,0.781481481,0.24002615,0.29303363,0.23969139,0.2269252,0.22559094,0.22848476,0.2398232,0.28880483,0.3119091,0.2961773,0.3247457,0.14490294
0.63385959,0.63385959,0.751851852,0.24002615,0.29303363,0.23969139,0.2269252,0.22559094,0.22848476,0.2398232,0.28880483,0.3119091,0.2961773,0.3247457,0.14490294
0.63385959,0.63385959,0.762962963,0.24002615,0.29303363,0.23969139,0.2269252,0.22559094,0.22848476,0.2398232,0.28880483,0.3119091,0.2961773,0.3247457,0.14490294
0.084648975,0.084648975,0,0.21303813,0.3070988,0.22729363,0.19282211,0.19258356,0.17885657,0.20789789,0.3087045,0.34873256,0.33878955,0.3734251,0.16075382
0.083305341,0.083305341,0.122222222,0.21303813,0.3070988,0.22729363,0.19282211,0.19258356,0.17885657,0.20789789,0.3087045,0.34873256,0.33878955,0.3734251,0.16075382
0.083977158,0.083977158,0.281481481,0.21303813,0.3070988,0.22729363,0.19282211,0.19258356,0.17885657,0.20789789,0.3087045,0.34873256,0.33878955,0.3734251,0.16075382
0.009069533,0.009069533,0.022222222,0.2142592,0.30901006,0.22862089,0.19387862,0.19400638,0.17990245,0.20950122,0.31309506,0.35443977,0.34395525,0.37951988,0.16087592
0,0,0.096296296,0.2142592,0.30901006,0.22862089,0.19387862,0.19400638,0.17990245,0.20950122,0.31309506,0.35443977,0.34395525,0.37951988,0.16087592
0.001007726,0.001007726,0.162962963,0.2142592,0.30901006,0.22862089,0.19387862,0.19400638,0.17990245,0.20950122,0.31309506,0.35443977,0.34395525,0.37951988,0.16087592
0.092710783,0.092710783,0.166666667,0.21588112,0.3115487,0.23038383,0.19528192,0.19589625,0.18129165,0.21163087,0.3189269,0.36202043,0.35081664,0.38761532,0.16103812
0.067181727,0.067181727,0.266666667,0.21588112,0.3115487,0.23038383,0.19528192,0.19589625,0.18129165,0.21163087,0.3189269,0.36202043,0.35081664,0.38761532,0.16103812
0.072556265,0.072556265,0.237037037,0.21588112,0.3115487,0.23038383,0.19528192,0.19589625,0.18129165,0.21163087,0.3189269,0.36202043,0.35081664,0.38761532,0.16103812
0.111521666,0.111521666,0.259259259,0.2159493,0.31165543,0.23045793,0.19534092,0.1959757,0.18135005,0.21172039,0.31917205,0.3623391,0.35110506,0.38795564,0.16104493
0.097077595,0.097077595,0.248148148,0.2159493,0.31165543,0.23045793,0.19534092,0.1959757,0.18135005,0.21172039,0.31917205,0.3623391,0.35110506,0.38795564,0.16104493
0.067853544,0.067853544,0.277777778,0.2159493,0.31165543,0.23045793,0.19534092,0.1959757,0.18135005,0.21172039,0.31917205,0.3623391,0.35110506,0.38795564,0.16104493
0.07121263,0.07121263,0.281481481,0.21411458,0.30878368,0.22846368,0.19375348,0.19383785,0.17977858,0.20931132,0.31257504,0.3537638,0.3433434,0.37879798,0.16086146
0.069197178,0.069197178,0.314814815,0.21411458,0.30878368,0.22846368,0.19375348,0.19383785,0.17977858,0.20931132,0.31257504,0.3537638,0.3433434,0.37879798,0.16086146
0.070876722,0.070876722,0.362962963,0.21411458,0.30878368,0.22846368,0.19375348,0.19383785,0.17977858,0.20931132,0.31257504,0.3537638,0.3433434,0.37879798,0.16086146
0.600268727,0.600268727,0.47037037,0.21507946,0.31029394,0.22951245,0.19458832,0.19496216,0.18060501,0.21057825,0.31604442,0.35827357,0.34742528,0.383614,0.16095795
0.640577763,0.640577763,0.462962963,0.21507946,0.31029394,0.22951245,0.19458832,0.19496216,0.18060501,0.21057825,0.31604442,0.35827357,0.34742528,0.383614,0.16095795
0.63385959,0.63385959,0.433333333,0.21507946,0.31029394,0.22951245,0.19458832,0.19496216,0.18060501,0.21057825,0.31604442,0.35827357,0.34742528,0.383614,0.16095795
0.080282163,0.080282163,0.481481481,0.2659,0.3167,0.2501,0.2469,0.2399,0.2337,0.2552,0.3234,0.355,0.3484,0.3781,0.2018
0.079274437,0.079274437,0.462962963,0.2659,0.3167,0.2501,0.2469,0.2399,0.2337,0.2552,0.3234,0.355,0.3484,0.3781,0.2018
0.080618072,0.080618072,0.47037037,0.2659,0.3167,0.2501,0.2469,0.2399,0.2337,0.2552,0.3234,0.355,0.3484,0.3781,0.2018
0.005710447,0.005710447,0.444444444,0.2659,0.3167,0.2501,0.2469,0.2399,0.2337,0.2552,0.3234,0.355,0.3484,0.3781,0.2018
0.00738999,0.00738999,0.407407407,0.2659,0.3167,0.2501,0.2469,0.2399,0.2337,0.2552,0.3234,0.355,0.3484,0.3781,0.2018
0.006718173,0.006718173,0.437037037,0.2659,0.3167,0.2501,0.2469,0.2399,0.2337,0.2552,0.3234,0.355,0.3484,0.3781,0.2018
0.061135371,0.061135371,0.47037037,0.2659,0.3167,0.2501,0.2469,0.2399,0.2337,0.2552,0.3234,0.355,0.3484,0.3781,0.2018
0.060463554,0.060463554,0.466666667,0.2659,0.3167,0.2501,0.2469,0.2399,0.2337,0.2552,0.3234,0.355,0.3484,0.3781,0.2018
0.060463554,0.060463554,0.481481481,0.2659,0.3167,0.2501,0.2469,0.2399,0.2337,0.2552,0.3234,0.355,0.3484,0.3781,0.2018
0.146792073,0.146792073,0.52962963,0.2659,0.3167,0.2501,0.2469,0.2399,0.2337,0.2552,0.3234,0.355,0.3484,0.3781,0.2018
0.147127981,0.147127981,0.533333333,0.2659,0.3167,0.2501,0.2469,0.2399,0.2337,0.2552,0.3234,0.355,0.3484,0.3781,0.2018
0.149143433,0.149143433,0.548148148,0.2659,0.3167,0.2501,0.2469,0.2399,0.2337,0.2552,0.3234,0.355,0.3484,0.3781,0.2018
0.058784011,0.058784011,0.5,0.2659,0.3167,0.2501,0.2469,0.2399,0.2337,0.2552,0.3234,0.355,0.3484,0.3781,0.2018
0.059119919,0.059119919,0.492592593,0.2659,0.3167,0.2501,0.2469,0.2399,0.2337,0.2552,0.3234,0.355,0.3484,0.3781,0.2018
0.057776285,0.057776285,0.485185185,0.2659,0.3167,0.2501,0.2469,0.2399,0.2337,0.2552,0.3234,0.355,0.3484,0.3781,0.2018
0.711118576,0.711118576,0.781481481,0.2659,0.3167,0.2501,0.2469,0.2399,0.2337,0.2552,0.3234,0.355,0.3484,0.3781,0.2018
0.701041317,0.701041317,0.774074074,0.2659,0.3167,0.2501,0.2469,0.2399,0.2337,0.2552,0.3234,0.355,0.3484,0.3781,0.2018
0.704400403,0.704400403,0.77037037,0.2659,0.3167,0.2501,0.2469,0.2399,0.2337,0.2552,0.3234,0.355,0.3484,0.3781,0.2018
0.090422505,0.118343195,0.317164179,0.1485407,0.2742403,0.20964456,0.16005634,0.16119097,0.17177944,0.18429968,0.23301108,0.26118657,0.25201187,0.28241813,0.063274555
0.708664191,0.881656805,0.779850746,0.1289545,0.26275203,0.20093837,0.115424186,0.11704418,0.13275231,0.14427711,0.18257675,0.20788853,0.20158394,0.23047876,0.06055077
0.708664191,0.881656805,0.776119403,0.1289393,0.26312882,0.2011963,0.11549602,0.11721492,0.13285755,0.1445785,0.18344514,0.20896266,0.20267312,0.23163222,0.061138567
0.200859102,0.263313609,0.563432836,0.12892456,0.26344803,0.20138995,0.11555965,0.11736784,0.13294089,0.14484501,0.1842419,0.2099485,0.2036728,0.23268804,0.061691817
0.662931245,0.881656805,0.802238806,0.1289545,0.26275203,0.20093837,0.115424186,0.11704418,0.13275231,0.14427711,0.18257675,0.20788853,0.20158394,0.23047876,0.06055077
0.652768368,0.866863905,0.802238806,0.1289393,0.26312882,0.2011963,0.11549602,0.11721492,0.13285755,0.1445785,0.18344514,0.20896266,0.20267312,0.23163222,0.061138567
0.146995854,0.195266272,0.503731343,0.12892456,0.26344803,0.20138995,0.11555965,0.11736784,0.13294089,0.14484501,0.1842419,0.2099485,0.2036728,0.23268804,0.061691817
0.131429714,0.177514793,0.496268657,0.14404733,0.2997104,0.23110603,0.12417082,0.127352,0.1468547,0.16228752,0.20267914,0.22863017,0.22457844,0.2547282,0.08246996
0.61211686,0.822485207,0.96641791,0.14360519,0.30002597,0.23145857,0.12419555,0.12743773,0.14703692,0.16251488,0.20285608,0.2288042,0.22478034,0.25491163,0.082644865
0.61211686,0.822485207,0.970149254,0.14320365,0.30030692,0.23176034,0.12421741,0.1275166,0.14719765,0.16272153,0.20302989,0.2289776,0.22497854,0.25509244,0.08282643
0.095317624,0.127218935,0.305970149,0.15070377,0.28828755,0.2247678,0.13378085,0.13960405,0.16249017,0.17453176,0.210692,0.235197,0.22648743,0.2570297,0.07791558
0.322339359,0.431952663,0.52238806,0.14927578,0.29039523,0.2254814,0.13192555,0.13731727,0.1593922,0.17226616,0.20965932,0.23451622,0.22669235,0.2571316,0.07961752
0.041369685,0.056213018,0.298507463,0.15288582,0.28394812,0.22443001,0.13876821,0.14592208,0.17137969,0.18131362,0.21384558,0.23737854,0.2264422,0.25719967,0.07370776
0.109189951,0.147928994,0.373134328,0.14450441,0.21913318,0.16581602,0.123387635,0.120637864,0.12476678,0.13677946,0.18373832,0.20936975,0.20050739,0.22772515,0.06285676
0.67817556,0.911242604,0.970149254,0.14448823,0.21878213,0.16566208,0.123356104,0.12055818,0.12478452,0.13670066,0.18326811,0.20880927,0.19996873,0.22710943,0.06281835
0.656155993,0.881656805,0.955223881,0.14445506,0.21841137,0.16547062,0.12331602,0.120471664,0.12478455,0.13661003,0.18280782,0.20825912,0.19943927,0.2265037,0.06277827
0.346560882,0.464497041,0.52238806,0.14620295,0.21555348,0.16623716,0.12975386,0.12949784,0.13987643,0.1479189,0.18366238,0.20576063,0.19456725,0.22125247,0.05988319
0.046654381,0.062130178,0.429104478,0.15072861,0.2204424,0.17493685,0.13710009,0.13935022,0.15564378,0.16056453,0.18820602,0.20838858,0.19508235,0.22220646,0.058108743
0.106767799,0.144970414,0.626865672,0.14738593,0.217025,0.16856404,0.13175733,0.13222666,0.14412826,0.15139443,0.18523476,0.20686176,0.19506942,0.22192462,0.059411023
0.062508469,0.082840237,0.548507463,0.15072861,0.2204424,0.17493685,0.13710009,0.13935022,0.15564378,0.16056453,0.18820602,0.20838858,0.19508235,0.22220646,0.058108743
0.181193935,0.24260355,0.623134328,0.13226321,0.29498735,0.23380435,0.13139175,0.13636164,0.16674167,0.17931566,0.20127599,0.22154671,0.21861382,0.24564357,0.0897007
0.609067996,0.792899408,0.940298507,0.13222314,0.29552853,0.23425649,0.13120766,0.1362817,0.16674463,0.17939508,0.20148219,0.2218164,0.21904375,0.24600948,0.0901164
0.586370904,0.763313609,0.947761194,0.13218154,0.29600877,0.23465252,0.1310384,0.13620715,0.16674073,0.17946184,0.20166571,0.22205636,0.21943064,0.24633434,0.0905079
0.326943142,0.426035503,0.48880597,0.13698418,0.28124318,0.22843486,0.13461442,0.14073886,0.17101826,0.1814919,0.2014646,0.22025529,0.21591902,0.24055949,0.0893109
0.044232229,0.059171598,0.369402985,0.14185059,0.27237895,0.22717084,0.1373683,0.14467718,0.17582083,0.18442872,0.202676,0.22052835,0.21507141,0.23816942,0.08748302
0.169303369,0.227810651,0.451492537,0.13834019,0.27822492,0.22758077,0.13554426,0.14189264,0.17230852,0.18219902,0.20157912,0.22004399,0.21524775,0.2395106,0.08845795
0.15653202,0.210059172,0.414179104,0.14185059,0.27237895,0.22717084,0.1373683,0.14467718,0.17582083,0.18442872,0.202676,0.22052835,0.21507141,0.23816942,0.08748302
0.05942573,0.079881657,0.302238806,0.13546276,0.3088495,0.24610774,0.13024823,0.13653949,0.16933554,0.18159474,0.20438187,0.22683574,0.22609183,0.25314978,0.09937469
0.563673812,0.733727811,0.854477612,0.13544597,0.30940425,0.24657793,0.13032465,0.13674718,0.1696709,0.18205947,0.20498273,0.22749773,0.22681901,0.25386444,0.10012111
0.586370904,0.763313609,0.839552239,0.1354264,0.3099023,0.24699077,0.13039212,0.1369355,0.16997188,0.18248159,0.20553255,0.22810143,0.22748373,0.25451297,0.100824565
0.631765088,0.822485207,0.492537313,0.14068367,0.29415506,0.23777632,0.13552764,0.14296952,0.17572162,0.18606773,0.20729004,0.22824192,0.22467686,0.2503817,0.09777634
0.048415946,0.065088757,0.242537313,0.1458777,0.28357172,0.23392239,0.1405628,0.14899106,0.18251714,0.19086716,0.21033642,0.2303863,0.22422253,0.24954432,0.093642086
0.032782054,0.044378698,0.194029851,0.14211068,0.2906739,0.23619388,0.1368293,0.14442024,0.17724575,0.18693084,0.20755413,0.22819099,0.22385445,0.24944586,0.09601234
0.10060232,0.136094675,0.294776119,0.1458777,0.28357172,0.23392239,0.1405628,0.14899106,0.18251714,0.19086716,0.21033642,0.2303863,0.22422253,0.24954432,0.093642086
0.180753543,0.24260355,0.656716418,0.12561783,0.25363824,0.19727525,0.11162222,0.11379026,0.12274624,0.1408828,0.19140907,0.21601544,0.21036825,0.23606613,0.07443565
0.586370904,0.763313609,0.902985075,0.12559028,0.25429428,0.19780445,0.111687765,0.113975026,0.1230284,0.14129254,0.19208722,0.21678522,0.21118058,0.23688762,0.07515096
0.563673812,0.733727811,0.902985075,0.12556253,0.2548874,0.19827032,0.11174637,0.11414488,0.123283625,0.14166887,0.19271958,0.21750034,0.21193442,0.23764738,0.07582872
0.169303369,0.227810651,0.294776119,0.13659586,0.2551089,0.20221929,0.12418318,0.12984127,0.14497264,0.16059026,0.20596293,0.22842917,0.219569,0.24517694,0.07947406
0.330266403,0.443786982,0.339552239,0.1343891,0.25496048,0.20095243,0.12176499,0.12689438,0.14077036,0.15709276,0.2039594,0.22685233,0.2186253,0.24417254,0.07970272
0.048636142,0.065088757,0.27238806,0.1423547,0.25788754,0.20767717,0.13080493,0.1382376,0.15707305,0.17120896,0.21341707,0.23509338,0.22471571,0.2505531,0.080999695
0.16159652,0.215976331,0.317164179,0.1423547,0.25788754,0.20767717,0.13080493,0.1382376,0.15707305,0.17120896,0.21341707,0.23509338,0.22471571,0.2505531,0.080999695
0.150586737,0.201183432,0.388059701,0.1426704,0.25964853,0.20123634,0.123997584,0.12332056,0.13622048,0.15051742,0.19639654,0.22229823,0.21691656,0.244595,0.07720242
0.586370904,0.763313609,0.843283582,0.14274609,0.2604901,0.20203693,0.12426863,0.12366124,0.13675563,0.151149,0.19691208,0.22283125,0.21751638,0.2452181,0.07772619
0.563673812,0.733727811,0.835820896,0.1428237,0.26126215,0.20276129,0.12452175,0.12397844,0.1372491,0.15173392,0.19739683,0.22333229,0.21807963,0.24580136,0.07823022
0.327403859,0.440828402,0.343283582,0.15247938,0.26372838,0.20716177,0.13609669,0.13802578,0.1562706,0.1686395,0.2084346,0.23266628,0.22463733,0.25271058,0.07982715
0.050177512,0.068047337,0.268656716,0.15961495,0.2676681,0.21436459,0.14592709,0.15010653,0.17341766,0.1836693,0.217108,0.23986019,0.22942285,0.25807646,0.07841629
0.144421258,0.195266272,0.264925373,0.15440494,0.2640167,0.20834382,0.13856323,0.14104632,0.16049191,0.17219992,0.21038266,0.23419206,0.22544149,0.25364664,0.07904305
0.163358086,0.218934911,0.235074627,0.15961495,0.2676681,0.21436459,0.14592709,0.15010653,0.17341766,0.1836693,0.217108,0.23986019,0.22942285,0.25807646,0.07841629
0.691726063,0.890532544,0.921641791,0.13110442,0.29517373,0.24227999,0.12314979,0.13003317,0.16306439,0.17218895,0.19019122,0.21023883,0.20516647,0.2333586,0.06903261
0.708664191,0.908284024,0.925373134,0.13134389,0.2953777,0.2427054,0.12340449,0.13035862,0.16352229,0.17264505,0.19066371,0.21074298,0.20561312,0.23386657,0.069005944
0.267256565,0.346153846,0.649253731,0.1315676,0.2955425,0.24307434,0.12364292,0.13066253,0.16394602,0.17306393,0.19109435,0.21120009,0.20601429,0.23432124,0.06897711
0.152416055,0.210059172,0.720149254,0.14118235,0.27624506,0.22972016,0.134378,0.14354037,0.17798726,0.18366648,0.19853783,0.21660481,0.20674266,0.23346129,0.06372183
0.055936475,0.076923077,0.481343284,0.14340341,0.27565172,0.23091425,0.1367864,0.14654198,0.18184163,0.18719976,0.20187807,0.21993938,0.20932984,0.23625106,0.06309615
0.068944958,0.094674556,0.447761194,0.14802337,0.2689406,0.22733362,0.14189732,0.15274763,0.18899338,0.19301288,0.20652899,0.22391906,0.21128315,0.23781863,0.060960893
0.447274994,0.612426036,0.712686567,0.14004236,0.27843052,0.23118994,0.13310707,0.14201276,0.17630622,0.1823806,0.19761224,0.2159086,0.20659208,0.23348393,0.06432931
0.238055232,0.325443787,0.578358209,0.14802337,0.2689406,0.22733362,0.14189732,0.15274763,0.18899338,0.19301288,0.20652899,0.22391906,0.21128315,0.23781863,0.060960893
0.140491612,0.192307692,0.53358209,0.14118235,0.27624506,0.22972016,0.134378,0.14354037,0.17798726,0.18366648,0.19853783,0.21660481,0.20674266,0.23346129,0.06372183
0.016911027,0.023668639,0.294776119,0.14340341,0.27565172,0.23091425,0.1367864,0.14654198,0.18184163,0.18719976,0.20187807,0.21993938,0.20932984,0.23625106,0.06309615
0.034255671,0.047337278,0.26119403,0.14802337,0.2689406,0.22733362,0.14189732,0.15274763,0.18899338,0.19301288,0.20652899,0.22391906,0.21128315,0.23781863,0.060960893
0.537250332,0.733727811,0.526119403,0.14004236,0.27843052,0.23118994,0.13310707,0.14201276,0.17630622,0.1823806,0.19761224,0.2159086,0.20659208,0.23348393,0.06432931
0.214206347,0.292899408,0.391791045,0.14802337,0.2689406,0.22733362,0.14189732,0.15274763,0.18899338,0.19301288,0.20652899,0.22391906,0.21128315,0.23781863,0.060960893
0.695113689,0.899408284,0.944029851,0.1251,0.3456,0.258,0.1184,0.1235,0.1472,0.172,0.2177,0.2465,0.2504,0.2788,0.1303
0.695113689,0.905325444,0.936567164,0.1251,0.3456,0.258,0.1184,0.1235,0.1472,0.172,0.2177,0.2465,0.2504,0.2788,0.1303
0.274370579,0.357988166,0.731343284,0.1251,0.3456,0.258,0.1184,0.1235,0.1472,0.172,0.2177,0.2465,0.2504,0.2788,0.1303
0.67817556,0.881656805,0.958955224,0.15972044,0.21069182,0.16060765,0.13169591,0.1268519,0.13368489,0.1414329,0.17540295,0.19489704,0.18337323,0.2089077,0.055210095
0.67817556,0.860946746,0.947761194,0.15972044,0.21069182,0.16060765,0.13169591,0.1268519,0.13368489,0.1414329,0.17540295,0.19489704,0.18337323,0.2089077,0.055210095
0.708664191,0.917159763,0.962686567,0.15902206,0.21071827,0.16082105,0.13123196,0.12649289,0.13345487,0.14123271,0.17521644,0.19473462,0.18322606,0.20877968,0.05494318
0.708664191,0.902366864,0.951492537,0.15902206,0.21071827,0.16082105,0.13123196,0.12649289,0.13345487,0.14123271,0.17521644,0.19473462,0.18322606,0.20877968,0.05494318
0.253706062,0.328402367,0.705223881,0.15841071,0.21076483,0.16103604,0.13083567,0.12619703,0.13328679,0.14108658,0.17507382,0.19461296,0.1831132,0.2086868,0.05470263
0.233719071,0.304733728,0.746268657,0.15841071,0.21076483,0.16103604,0.13083567,0.12619703,0.13328679,0.14108658,0.17507382,0.19461296,0.1831132,0.2086868,0.05470263
0.188324887,0.24556213,0.604477612,0.14173245,0.30610737,0.2479333,0.13522792,0.14168696,0.1722871,0.18362887,0.20802744,0.22996546,0.22427209,0.25386733,0.08016916
0.135477926,0.171597633,0.51119403,0.14455324,0.23720881,0.19810478,0.14496711,0.14521267,0.16095383,0.16942438,0.19811943,0.21600187,0.2040386,0.22882764,0.05457038
0.136155451,0.186390533,0.649253731,0.1610352,0.25040388,0.2106806,0.15411316,0.16255206,0.19291738,0.19567165,0.21531591,0.2328649,0.2158999,0.24373762,0.052379135
0.062440717,0.085798817,0.541044776,0.16100413,0.25037903,0.2106569,0.15409593,0.16251938,0.19285715,0.19562218,0.2152835,0.23283313,0.21587753,0.24370952,0.052383266
0.08195344,0.112426036,0.578358209,0.16536278,0.25386846,0.21398258,0.1565146,0.16710478,0.20130989,0.20256326,0.21983111,0.23729256,0.21901426,0.24765246,0.05180379
0.489552562,0.668639053,0.865671642,0.15929297,0.24900912,0.20935127,0.15314639,0.1607192,0.18953867,0.19289717,0.21349816,0.2310824,0.2146461,0.24216156,0.052610762
0.144827773,0.198224852,0.585820896,0.16135879,0.25066295,0.21092752,0.15429273,0.16289249,0.19354494,0.19618697,0.21565354,0.23319599,0.21613277,0.24403036,0.05233611
0.214206347,0.292899408,0.641791045,0.16536278,0.25386846,0.21398258,0.1565146,0.16710478,0.20130989,0.20256326,0.21983111,0.23729256,0.21901426,0.24765246,0.05180379
0.161901407,0.207100592,0.557835821,0.2013606,0.31291544,0.24803863,0.21212709,0.21398604,0.23207921,0.238284,0.2810146,0.3080483,0.28965563,0.3252602,0.06616157
0.708664191,0.881656805,0.779850746,0.1289545,0.26275203,0.20093837,0.115424186,0.11704418,0.13275231,0.14427711,0.18257675,0.20788853,0.20158394,0.23047876,0.06055077
0.708664191,0.881656805,0.776119403,0.1289393,0.26312882,0.2011963,0.11549602,0.11721492,0.13285755,0.1445785,0.18344514,0.20896266,0.20267312,0.23163222,0.061138567
0.200859102,0.263313609,0.563432836,0.12892456,0.26344803,0.20138995,0.11555965,0.11736784,0.13294089,0.14484501,0.1842419,0.2099485,0.2036728,0.23268804,0.061691817
0.662931245,0.881656805,0.802238806,0.1289545,0.26275203,0.20093837,0.115424186,0.11704418,0.13275231,0.14427711,0.18257675,0.20788853,0.20158394,0.23047876,0.06055077
0.652768368,0.866863905,0.802238806,0.1289393,0.26312882,0.2011963,0.11549602,0.11721492,0.13285755,0.1445785,0.18344514,0.20896266,0.20267312,0.23163222,0.061138567
0.146995854,0.195266272,0.503731343,0.12892456,0.26344803,0.20138995,0.11555965,0.11736784,0.13294089,0.14484501,0.1842419,0.2099485,0.2036728,0.23268804,0.061691817
0.131429714,0.177514793,0.496268657,0.14404733,0.2997104,0.23110603,0.12417082,0.127352,0.1468547,0.16228752,0.20267914,0.22863017,0.22457844,0.2547282,0.08246996
0.61211686,0.822485207,0.96641791,0.14360519,0.30002597,0.23145857,0.12419555,0.12743773,0.14703692,0.16251488,0.20285608,0.2288042,0.22478034,0.25491163,0.082644865
0.61211686,0.822485207,0.970149254,0.14320365,0.30030692,0.23176034,0.12421741,0.1275166,0.14719765,0.16272153,0.20302989,0.2289776,0.22497854,0.25509244,0.08282643
0.095317624,0.127218935,0.305970149,0.15070377,0.28828755,0.2247678,0.13378085,0.13960405,0.16249017,0.17453176,0.210692,0.235197,0.22648743,0.2570297,0.07791558
0.322339359,0.431952663,0.52238806,0.14927578,0.29039523,0.2254814,0.13192555,0.13731727,0.1593922,0.17226616,0.20965932,0.23451622,0.22669235,0.2571316,0.07961752
0.041369685,0.056213018,0.298507463,0.15288582,0.28394812,0.22443001,0.13876821,0.14592208,0.17137969,0.18131362,0.21384558,0.23737854,0.2264422,0.25719967,0.07370776
0.181193935,0.24260355,0.623134328,0.13226321,0.29498735,0.23380435,0.13139175,0.13636164,0.16674167,0.17931566,0.20127599,0.22154671,0.21861382,0.24564357,0.0897007
0.609067996,0.792899408,0.940298507,0.13222314,0.29552853,0.23425649,0.13120766,0.1362817,0.16674463,0.17939508,0.20148219,0.2218164,0.21904375,0.24600948,0.0901164
0.586370904,0.763313609,0.947761194,0.13218154,0.29600877,0.23465252,0.1310384,0.13620715,0.16674073,0.17946184,0.20166571,0.22205636,0.21943064,0.24633434,0.0905079
0.326943142,0.426035503,0.48880597,0.13698418,0.28124318,0.22843486,0.13461442,0.14073886,0.17101826,0.1814919,0.2014646,0.22025529,0.21591902,0.24055949,0.0893109
0.044232229,0.059171598,0.369402985,0.14185059,0.27237895,0.22717084,0.1373683,0.14467718,0.17582083,0.18442872,0.202676,0.22052835,0.21507141,0.23816942,0.08748302
0.169303369,0.227810651,0.451492537,0.13834019,0.27822492,0.22758077,0.13554426,0.14189264,0.17230852,0.18219902,0.20157912,0.22004399,0.21524775,0.2395106,0.08845795
0.15653202,0.210059172,0.414179104,0.14185059,0.27237895,0.22717084,0.1373683,0.14467718,0.17582083,0.18442872,0.202676,0.22052835,0.21507141,0.23816942,0.08748302
0.05942573,0.079881657,0.302238806,0.13546276,0.3088495,0.24610774,0.13024823,0.13653949,0.16933554,0.18159474,0.20438187,0.22683574,0.22609183,0.25314978,0.09937469
0.563673812,0.733727811,0.854477612,0.13544597,0.30940425,0.24657793,0.13032465,0.13674718,0.1696709,0.18205947,0.20498273,0.22749773,0.22681901,0.25386444,0.10012111
0.586370904,0.763313609,0.839552239,0.1354264,0.3099023,0.24699077,0.13039212,0.1369355,0.16997188,0.18248159,0.20553255,0.22810143,0.22748373,0.25451297,0.100824565
0.631765088,0.822485207,0.492537313,0.14068367,0.29415506,0.23777632,0.13552764,0.14296952,0.17572162,0.18606773,0.20729004,0.22824192,0.22467686,0.2503817,0.09777634
0.048415946,0.065088757,0.242537313,0.1458777,0.28357172,0.23392239,0.1405628,0.14899106,0.18251714,0.19086716,0.21033642,0.2303863,0.22422253,0.24954432,0.093642086
0.032782054,0.044378698,0.194029851,0.14211068,0.2906739,0.23619388,0.1368293,0.14442024,0.17724575,0.18693084,0.20755413,0.22819099,0.22385445,0.24944586,0.09601234
0.10060232,0.136094675,0.294776119,0.1458777,0.28357172,0.23392239,0.1405628,0.14899106,0.18251714,0.19086716,0.21033642,0.2303863,0.22422253,0.24954432,0.093642086
0.180753543,0.24260355,0.656716418,0.12561783,0.25363824,0.19727525,0.11162222,0.11379026,0.12274624,0.1408828,0.19140907,0.21601544,0.21036825,0.23606613,0.07443565
0.586370904,0.763313609,0.902985075,0.12559028,0.25429428,0.19780445,0.111687765,0.113975026,0.1230284,0.14129254,0.19208722,0.21678522,0.21118058,0.23688762,0.07515096
0.563673812,0.733727811,0.902985075,0.12556253,0.2548874,0.19827032,0.11174637,0.11414488,0.123283625,0.14166887,0.19271958,0.21750034,0.21193442,0.23764738,0.07582872
0.169303369,0.227810651,0.294776119,0.13659586,0.2551089,0.20221929,0.12418318,0.12984127,0.14497264,0.16059026,0.20596293,0.22842917,0.219569,0.24517694,0.07947406
0.330266403,0.443786982,0.339552239,0.1343891,0.25496048,0.20095243,0.12176499,0.12689438,0.14077036,0.15709276,0.2039594,0.22685233,0.2186253,0.24417254,0.07970272
0.048636142,0.065088757,0.27238806,0.1423547,0.25788754,0.20767717,0.13080493,0.1382376,0.15707305,0.17120896,0.21341707,0.23509338,0.22471571,0.2505531,0.080999695
0.16159652,0.215976331,0.317164179,0.1423547,0.25788754,0.20767717,0.13080493,0.1382376,0.15707305,0.17120896,0.21341707,0.23509338,0.22471571,0.2505531,0.080999695
0.119047942,0.218934911,0.417910448,0.123074725,0.24665438,0.16829595,0.10955318,0.11632102,0.12435932,0.15463713,0.22589087,0.26033664,0.25963607,0.29122627,0.09822547
0.587278788,0.763313609,0.794776119,0.12296541,0.24662589,0.16811347,0.10945928,0.11631572,0.12429896,0.15483437,0.22649792,0.26107073,0.2604771,0.2920963,0.099031016
0.583420282,0.76035503,0.791044776,0.123074725,0.24665438,0.16829595,0.10955318,0.11632102,0.12435932,0.15463713,0.22589087,0.26033664,0.25963607,0.29122627,0.09822547
0.099428955,0.099428955,0.292592593,0.14167893,0.25401503,0.20196185,0.13115059,0.1362151,0.15911277,0.16672012,0.19162033,0.21151234,0.20231219,0.22898765,0.06493872
0.097413504,0.097413504,0.418518519,0.14167893,0.25401503,0.20196185,0.13115059,0.1362151,0.15911277,0.16672012,0.19162033,0.21151234,0.20231219,0.22898765,0.06493872
0.100436681,0.100436681,0.381481481,0.14167893,0.25401503,0.20196185,0.13115059,0.1362151,0.15911277,0.16672012,0.19162033,0.21151234,0.20231219,0.22898765,0.06493872
0.993281827,0.993281827,0.974074074,0.13505812,0.25767913,0.1994269,0.123952664,0.12721254,0.14793575,0.1590486,0.1901494,0.21205758,0.20490174,0.23232624,0.068811156
1,1,0.977777778,0.13505812,0.25767913,0.1994269,0.123952664,0.12721254,0.14793575,0.1590486,0.1901494,0.21205758,0.20490174,0.23232624,0.068811156
0.993281827,0.993281827,0.977777778,0.13505812,0.25767913,0.1994269,0.123952664,0.12721254,0.14793575,0.1590486,0.1901494,0.21205758,0.20490174,0.23232624,0.068811156
0.025864965,0.025864965,0.444444444,0.13575959,0.259958,0.20215704,0.1251071,0.12891465,0.1503945,0.16099809,0.19025595,0.21152464,0.2046777,0.23129664,0.07013752
0.04165267,0.04165267,0.440740741,0.13575959,0.259958,0.20215704,0.1251071,0.12891465,0.1503945,0.16099809,0.19025595,0.21152464,0.2046777,0.23129664,0.07013752
0.019818609,0.019818609,0.47037037,0.13575959,0.259958,0.20215704,0.1251071,0.12891465,0.1503945,0.16099809,0.19025595,0.21152464,0.2046777,0.23129664,0.07013752
0.12764528,0.12764528,0.577777778,0.13685429,0.25608668,0.19956182,0.12585874,0.12955755,0.15080488,0.16093655,0.19039442,0.21175857,0.20397875,0.2312637,0.06754858
0.128653006,0.128653006,0.566666667,0.13685429,0.25608668,0.19956182,0.12585874,0.12955755,0.15080488,0.16093655,0.19039442,0.21175857,0.20397875,0.2312637,0.06754858
0.127981189,0.127981189,0.455555556,0.13685429,0.25608668,0.19956182,0.12585874,0.12955755,0.15080488,0.16093655,0.19039442,0.21175857,0.20397875,0.2312637,0.06754858
0.132012093,0.132012093,0.296296296,0.13661613,0.25567123,0.19896543,0.12552936,0.1290972,0.15017094,0.16044225,0.19031174,0.21181345,0.20401107,0.231448,0.06737444
0.132012093,0.132012093,0.337037037,0.13661613,0.25567123,0.19896543,0.12552936,0.1290972,0.15017094,0.16044225,0.19031174,0.21181345,0.20401107,0.231448,0.06737444
0.13268391,0.13268391,0.340740741,0.13661613,0.25567123,0.19896543,0.12552936,0.1290972,0.15017094,0.16044225,0.19031174,0.21181345,0.20401107,0.231448,0.06737444
0.172321129,0.172321129,0.403703704,0.14167893,0.25401503,0.20196185,0.13115059,0.1362151,0.15911277,0.16672012,0.19162033,0.21151234,0.20231219,0.22898765,0.06493872
0.168290225,0.168290225,0.444444444,0.14167893,0.25401503,0.20196185,0.13115059,0.1362151,0.15911277,0.16672012,0.19162033,0.21151234,0.20231219,0.22898765,0.06493872
0.17433658,0.17433658,0.42962963,0.14167893,0.25401503,0.20196185,0.13115059,0.1362151,0.15911277,0.16672012,0.19162033,0.21151234,0.20231219,0.22898765,0.06493872
0.102452133,0.102452133,0.259259259,0.14167893,0.25401503,0.20196185,0.13115059,0.1362151,0.15911277,0.16672012,0.19162033,0.21151234,0.20231219,0.22898765,0.06493872
0.101444407,0.101444407,0.314814815,0.14167893,0.25401503,0.20196185,0.13115059,0.1362151,0.15911277,0.16672012,0.19162033,0.21151234,0.20231219,0.22898765,0.06493872
0.101780316,0.101780316,0.3,0.14167893,0.25401503,0.20196185,0.13115059,0.1362151,0.15911277,0.16672012,0.19162033,0.21151234,0.20231219,0.22898765,0.06493872
0.667450453,0.667450453,0.52962963,0.13505812,0.25767913,0.1994269,0.123952664,0.12721254,0.14793575,0.1590486,0.1901494,0.21205758,0.20490174,0.23232624,0.068811156
0.657373194,0.657373194,0.525925926,0.13505812,0.25767913,0.1994269,0.123952664,0.12721254,0.14793575,0.1590486,0.1901494,0.21205758,0.20490174,0.23232624,0.068811156
0.660732281,0.660732281,0.551851852,0.13505812,0.25767913,0.1994269,0.123952664,0.12721254,0.14793575,0.1590486,0.1901494,0.21205758,0.20490174,0.23232624,0.068811156
0.034262681,0.034262681,0.433333333,0.13575959,0.259958,0.20215704,0.1251071,0.12891465,0.1503945,0.16099809,0.19025595,0.21152464,0.2046777,0.23129664,0.07013752
0.033926772,0.033926772,0.466666667,0.13575959,0.259958,0.20215704,0.1251071,0.12891465,0.1503945,0.16099809,0.19025595,0.21152464,0.2046777,0.23129664,0.07013752
0.026200873,0.026200873,0.474074074,0.13575959,0.259958,0.20215704,0.1251071,0.12891465,0.1503945,0.16099809,0.19025595,0.21152464,0.2046777,0.23129664,0.07013752
0.184749748,0.184749748,0.525925926,0.13685429,0.25608668,0.19956182,0.12585874,0.12955755,0.15080488,0.16093655,0.19039442,0.21175857,0.20397875,0.2312637,0.06754858
0.182734296,0.182734296,0.525925926,0.13685429,0.25608668,0.19956182,0.12585874,0.12955755,0.15080488,0.16093655,0.19039442,0.21175857,0.20397875,0.2312637,0.06754858
0.182734296,0.182734296,0.52962963,0.13685429,0.25608668,0.19956182,0.12585874,0.12955755,0.15080488,0.16093655,0.19039442,0.21175857,0.20397875,0.2312637,0.06754858
0.184413839,0.184413839,0.525925926,0.13661613,0.25567123,0.19896543,0.12552936,0.1290972,0.15017094,0.16044225,0.19031174,0.21181345,0.20401107,0.231448,0.06737444
0.189788378,0.189788378,0.52962963,0.13661613,0.25567123,0.19896543,0.12552936,0.1290972,0.15017094,0.16044225,0.19031174,0.21181345,0.20401107,0.231448,0.06737444
0.187772926,0.187772926,0.514814815,0.13661613,0.25567123,0.19896543,0.12552936,0.1290972,0.15017094,0.16044225,0.19031174,0.21181345,0.20401107,0.231448,0.06737444
0.231105139,0.231105139,0.511111111,0.14167893,0.25401503,0.20196185,0.13115059,0.1362151,0.15911277,0.16672012,0.19162033,0.21151234,0.20231219,0.22898765,0.06493872
0.229425596,0.229425596,0.507407407,0.14167893,0.25401503,0.20196185,0.13115059,0.1362151,0.15911277,0.16672012,0.19162033,0.21151234,0.20231219,0.22898765,0.06493872
0.231441048,0.231441048,0.514814815,0.14167893,0.25401503,0.20196185,0.13115059,0.1362151,0.15911277,0.16672012,0.19162033,0.21151234,0.20231219,0.22898765,0.06493872
0.711118576,0.711118576,0.911111111,0.12819989,0.26411945,0.19925104,0.11613968,0.11735327,0.13540098,0.15111256,0.19156158,0.21680991,0.21141535,0.24069045,0.071333215
0.731273094,0.731273094,0.911111111,0.12819989,0.26411945,0.19925104,0.11613968,0.11735327,0.13540098,0.15111256,0.19156158,0.21680991,0.21141535,0.24069045,0.071333215
0.737991266,0.737991266,0.911111111,0.12819989,0.26411945,0.19925104,0.11613968,0.11735327,0.13540098,0.15111256,0.19156158,0.21680991,0.21141535,0.24069045,0.071333215
0.714477662,0.714477662,0.896296296,0.1282077,0.26469526,0.19978976,0.11620653,0.11748067,0.13561136,0.15132862,0.19166017,0.21687384,0.21155953,0.2407405,0.07159064
0.731273094,0.731273094,0.9,0.1282077,0.26469526,0.19978976,0.11620653,0.11748067,0.13561136,0.15132862,0.19166017,0.21687384,0.21155953,0.2407405,0.07159064
0.714477662,0.714477662,0.9,0.1282077,0.26469526,0.19978976,0.11620653,0.11748067,0.13561136,0.15132862,0.19166017,0.21687384,0.21155953,0.2407405,0.07159064
0.724554921,0.724554921,0.755555556,0.1282107,0.2652139,0.20027138,0.116265334,0.11759497,0.13580282,0.15152255,0.19173487,0.21691144,0.21167415,0.2407634,0.07183769
0.731273094,0.731273094,0.762962963,0.1282107,0.2652139,0.20027138,0.116265334,0.11759497,0.13580282,0.15152255,0.19173487,0.21691144,0.21167415,0.2407634,0.07183769
0.73463218,0.73463218,0.785185185,0.1282107,0.2652139,0.20027138,0.116265334,0.11759497,0.13580282,0.15152255,0.19173487,0.21691144,0.21167415,0.2407634,0.07183769
0.684245885,0.684245885,0.911111111,0.12819989,0.26411945,0.19925104,0.11613968,0.11735327,0.13540098,0.15111256,0.19156158,0.21680991,0.21141535,0.24069045,0.071333215
0.690964058,0.690964058,0.914814815,0.12819989,0.26411945,0.19925104,0.11613968,0.11735327,0.13540098,0.15111256,0.19156158,0.21680991,0.21141535,0.24069045,0.071333215
0.684245885,0.684245885,0.918518519,0.12819989,0.26411945,0.19925104,0.11613968,0.11735327,0.13540098,0.15111256,0.19156158,0.21680991,0.21141535,0.24069045,0.071333215
0.694323144,0.694323144,0.914814815,0.1282077,0.26469526,0.19978976,0.11620653,0.11748067,0.13561136,0.15132862,0.19166017,0.21687384,0.21155953,0.2407405,0.07159064
0.687604971,0.687604971,0.914814815,0.1282077,0.26469526,0.19978976,0.11620653,0.11748067,0.13561136,0.15132862,0.19166017,0.21687384,0.21155953,0.2407405,0.07159064
0.694323144,0.694323144,0.911111111,0.1282077,0.26469526,0.19978976,0.11620653,0.11748067,0.13561136,0.15132862,0.19166017,0.21687384,0.21155953,0.2407405,0.07159064
0.993281827,0.993281827,1,0.1282107,0.2652139,0.20027138,0.116265334,0.11759497,0.13580282,0.15152255,0.19173487,0.21691144,0.21167415,0.2407634,0.07183769
0.996640914,0.996640914,0.988888889,0.1282107,0.2652139,0.20027138,0.116265334,0.11759497,0.13580282,0.15152255,0.19173487,0.21691144,0.21167415,0.2407634,0.07183769
0.993281827,0.993281827,0.985185185,0.1282107,0.2652139,0.20027138,0.116265334,0.11759497,0.13580282,0.15152255,0.19173487,0.21691144,0.21167415,0.2407634,0.07183769
