Station,Latitude,Longitude,Dates,TDS,EC,pH,SAR,Suitability,B1,B11,B12,B2,B3,B4,B5,B6,B7,B8,B8A,B9,EC_br,MNDWI,NDWI,SAR_br,TDS_br,pH_br
WARC,9.335145,40.172296,12/06/2023,339.84,0.531,7.96,42.8,1,0.0381,0.082599998,0.066399999,0.047699999,0.069799997,0.088799998,0.107600003,0.108499996,0.122500002,0.108599998,0.1175,0.1699,0.649308653,-0.083989508,-0.217488802,30.99356955,598.1061804,8.048864632
WARC,9.335145,40.172296,12/06/2023,328.96,0.514,8.38,39.52,1,0.0381,0.082599998,0.066399999,0.047699999,0.069799997,0.088799998,0.107600003,0.108499996,0.122500002,0.108599998,0.1175,0.1699,0.649308653,-0.083989508,-0.217488802,30.99356955,598.1061804,8.048864632
WARC,9.335145,40.172296,12/06/2023,336,0.525,8.19,40.8,1,0.0381,0.082599998,0.066399999,0.047699999,0.069799997,0.088799998,0.107600003,0.108499996,0.122500002,0.108599998,0.1175,0.1699,0.649308653,-0.083989508,-0.217488802,30.99356955,598.1061804,8.048864632
WEIR SITE,9.206525,40.119202,12/06/2023,141.44,0.221,8.08,7.51,2,0.033500001,0.130899996,0.068700001,0.033,0.0625,0.048300002,0.105899997,0.245499998,0.318300009,0.403600007,0.317699999,0.330500007,0.243268343,-0.353671133,-0.731817211,24.23735773,258.79566,8.270356541
WEIR SITE,9.206525,40.119202,12/06/2023,144,0.225,8.13,7.72,2,0.033500001,0.130899996,0.068700001,0.033,0.0625,0.048300002,0.105899997,0.245499998,0.318300009,0.403600007,0.317699999,0.330500007,0.243268343,-0.353671133,-0.731817211,24.23735773,258.79566,8.270356541
WEIR SITE,9.206525,40.119202,12/06/2023,156.16,0.244,8.14,7.39,2,0.033500001,0.130899996,0.068700001,0.033,0.0625,0.048300002,0.105899997,0.245499998,0.318300009,0.403600007,0.317699999,0.330500007,0.243268343,-0.353671133,-0.731817211,24.23735773,258.79566,8.270356541
KEBENA,9.251618,40.048613,12/06/2023,304,0.475,8.28,37.95,1,0.043000001,0.091899998,0.0691,0.061099999,0.076700002,0.076899998,0.098499998,0.096699998,0.104599997,0.084399998,0.1008,0.245900005,0.590510384,-0.09015419,-0.047796376,36.55041822,361.5273014,7.917661114
KEBENA,9.251618,40.048613,12/06/2023,297.6,0.465,8.25,38.37,1,0.043000001,0.091899998,0.0691,0.061099999,0.076700002,0.076899998,0.098499998,0.096699998,0.104599997,0.084399998,0.1008,0.245900005,0.590510384,-0.09015419,-0.047796376,36.55041822,361.5273014,7.917661114
KEBENA,9.251618,40.048613,12/06/2023,289.92,0.453,8.22,37.76,1,0.043000001,0.091899998,0.0691,0.061099999,0.076700002,0.076899998,0.098499998,0.096699998,0.104599997,0.084399998,0.1008,0.245900005,0.590510384,-0.09015419,-0.047796376,36.55041822,361.5273014,7.917661114
KESEM,9.198116,40.045662,12/06/2023,295.04,0.461,8.1,31.18,1,0.0274,0.146200001,0.073100001,0.029200001,0.057599999,0.042399999,0.088200003,0.246900007,0.298400015,0.238199994,0.306199998,0.347900003,0.937723171,-0.434739952,-0.610547665,38.62649637,316.9430365,8.243870694
KESEM,9.198116,40.045662,12/06/2023,292.48,0.457,8.13,30.39,1,0.0274,0.146200001,0.073100001,0.029200001,0.057599999,0.042399999,0.088200003,0.246900007,0.298400015,0.238199994,0.306199998,0.347900003,0.937723171,-0.434739952,-0.610547665,38.62649637,316.9430365,8.243870694
KESEM,9.198116,40.045662,12/06/2023,298.24,0.466,8.06,29.93,1,0.0274,0.146200001,0.073100001,0.029200001,0.057599999,0.042399999,0.088200003,0.246900007,0.298400015,0.238199994,0.306199998,0.347900003,0.937723171,-0.434739952,-0.610547665,38.62649637,316.9430365,8.243870694
AWASHRIVER@ADDIS RAI,9.188908,40.125419,12/06/2023,298.24,0.466,8.11,36.21,1,0.041299999,0.0616,0.048500001,0.0625,0.090999998,0.109999999,0.118100002,0.117700003,0.130700007,0.123000003,0.132799998,0.143600002,0.37763003,0.192660543,-0.149532734,57.0767142,135.3737275,8.061316276
AWASHRIVER@ADDIS RAI,9.188908,40.125419,12/06/2023,298.24,0.466,7.94,35.77,1,0.041299999,0.0616,0.048500001,0.0625,0.090999998,0.109999999,0.118100002,0.117700003,0.130700007,0.123000003,0.132799998,0.143600002,0.37763003,0.192660543,-0.149532734,57.0767142,135.3737275,8.061316276
AWASHRIVER@ADDIS RAI,9.188908,40.125419,12/06/2023,302.08,0.472,8.03,31.88,1,0.041299999,0.0616,0.048500001,0.0625,0.090999998,0.109999999,0.118100002,0.117700003,0.130700007,0.123000003,0.132799998,0.143600002,0.37763003,0.192660543,-0.149532734,57.0767142,135.3737275,8.061316276
DEHOSPPRING,9.166462,40.083482,12/06/2023,1269.12,1.983,8.63,144.09,0,0.032299999,0.1215,0.090700001,0.025699999,0.0414,0.052999999,0.088200003,0.133100003,0.151700005,0.087499999,0.155399993,0.218799993,1.837624662,-0.491712704,-0.35764157,126.1477264,1248.135143,8.03371886
DEHOSPPRING,9.166462,40.083482,12/06/2023,1264,1.975,8.71,141.61,0,0.032299999,0.1215,0.090700001,0.025699999,0.0414,0.052999999,0.088200003,0.133100003,0.151700005,0.087499999,0.155399993,0.218799993,1.837624662,-0.491712704,-0.35764157,126.1477264,1248.135143,8.03371886
DEHOSPPRING,9.166462,40.083482,12/06/2023,1242.24,1.941,8.78,144.57,0,0.032299999,0.1215,0.090700001,0.025699999,0.0414,0.052999999,0.088200003,0.133100003,0.151700005,0.087499999,0.155399993,0.218799993,1.837624662,-0.491712704,-0.35764157,126.1477264,1248.135143,8.03371886
WARC,9.335145,40.172296,17/06/2023,336,0.525,8,33.21,1,0.0381,0.082599998,0.066399999,0.047699999,0.069799997,0.088799998,0.107600003,0.108499996,0.122500002,0.108599998,0.1175,0.1699,0.649308653,-0.083989508,-0.217488802,30.99356955,598.1061804,8.048864632
WARC,9.335145,40.172296,17/06/2023,332.8,0.52,8.21,34.03,1,0.0381,0.082599998,0.066399999,0.047699999,0.069799997,0.088799998,0.107600003,0.108499996,0.122500002,0.108599998,0.1175,0.1699,0.649308653,-0.083989508,-0.217488802,30.99356955,598.1061804,8.048864632
WARC,9.335145,40.172296,17/06/2023,336.64,0.526,8.26,33.02,1,0.0381,0.082599998,0.066399999,0.047699999,0.069799997,0.088799998,0.107600003,0.108499996,0.122500002,0.108599998,0.1175,0.1699,0.649308653,-0.083989508,-0.217488802,30.99356955,598.1061804,8.048864632
WEIR SITE,9.206525,40.119202,17/06/2023,174.72,0.273,8.17,10.79,2,0.033500001,0.130899996,0.068700001,0.033,0.0625,0.048300002,0.105899997,0.245499998,0.318300009,0.403600007,0.317699999,0.330500007,0.243268343,-0.353671133,-0.731817211,24.23735773,258.79566,8.270356541
WEIR SITE,9.206525,40.119202,17/06/2023,173.44,0.271,8.16,11.73,2,0.033500001,0.130899996,0.068700001,0.033,0.0625,0.048300002,0.105899997,0.245499998,0.318300009,0.403600007,0.317699999,0.330500007,0.243268343,-0.353671133,-0.731817211,24.23735773,258.79566,8.270356541
WEIR SITE,9.206525,40.119202,17/06/2023,176,0.275,8.27,11.57,2,0.033500001,0.130899996,0.068700001,0.033,0.0625,0.048300002,0.105899997,0.245499998,0.318300009,0.403600007,0.317699999,0.330500007,0.243268343,-0.353671133,-0.731817211,24.23735773,258.79566,8.270356541
KEBENA,9.251618,40.048613,17/06/2023,285.44,0.446,8.35,15.96,1,0.043000001,0.091899998,0.0691,0.061099999,0.076700002,0.076899998,0.098499998,0.096699998,0.104599997,0.084399998,0.1008,0.245900005,0.590510384,-0.09015419,-0.047796376,36.55041822,361.5273014,7.917661114
KEBENA,9.251618,40.048613,17/06/2023,278.4,0.435,8.37,28.31,1,0.043000001,0.091899998,0.0691,0.061099999,0.076700002,0.076899998,0.098499998,0.096699998,0.104599997,0.084399998,0.1008,0.245900005,0.590510384,-0.09015419,-0.047796376,36.55041822,361.5273014,7.917661114
KEBENA,9.251618,40.048613,17/06/2023,284.8,0.445,8.35,28.23,1,0.043000001,0.091899998,0.0691,0.061099999,0.076700002,0.076899998,0.098499998,0.096699998,0.104599997,0.084399998,0.1008,0.245900005,0.590510384,-0.09015419,-0.047796376,36.55041822,361.5273014,7.917661114
KESEM,9.198116,40.045662,17/06/2023,285.44,0.446,8.18,23.75,2,0.0274,0.146200001,0.073100001,0.029200001,0.057599999,0.042399999,0.088200003,0.246900007,0.298400015,0.238199994,0.306199998,0.347900003,0.937723171,-0.434739952,-0.610547665,38.62649637,316.9430365,8.243870694
KESEM,9.198116,40.045662,17/06/2023,302.72,0.473,8.23,23.92,2,0.0274,0.146200001,0.073100001,0.029200001,0.057599999,0.042399999,0.088200003,0.246900007,0.298400015,0.238199994,0.306199998,0.347900003,0.937723171,-0.434739952,-0.610547665,38.62649637,316.9430365,8.243870694
KESEM,9.198116,40.045662,17/06/2023,298.24,0.466,8.25,20.45,2,0.0274,0.146200001,0.073100001,0.029200001,0.057599999,0.042399999,0.088200003,0.246900007,0.298400015,0.238199994,0.306199998,0.347900003,0.937723171,-0.434739952,-0.610547665,38.62649637,316.9430365,8.243870694
AWASHRIVER@ADDIS RAI,9.188908,40.125419,17/06/2023,280.32,0.438,8.32,27.36,1,0.041299999,0.0616,0.048500001,0.0625,0.090999998,0.109999999,0.118100002,0.117700003,0.130700007,0.123000003,0.132799998,0.143600002,0.37763003,0.192660543,-0.149532734,57.0767142,135.3737275,8.061316276
AWASHRIVER@ADDIS RAI,9.188908,40.125419,17/06/2023,282.24,0.441,8.28,26.97,1,0.041299999,0.0616,0.048500001,0.0625,0.090999998,0.109999999,0.118100002,0.117700003,0.130700007,0.123000003,0.132799998,0.143600002,0.37763003,0.192660543,-0.149532734,57.0767142,135.3737275,8.061316276
AWASHRIVER@ADDIS RAI,9.188908,40.125419,17/06/2023,280.96,0.439,8.4,25.25,1,0.041299999,0.0616,0.048500001,0.0625,0.090999998,0.109999999,0.118100002,0.117700003,0.130700007,0.123000003,0.132799998,0.143600002,0.37763003,0.192660543,-0.149532734,57.0767142,135.3737275,8.061316276
DEHOSPPRING,9.166462,40.083482,17/06/2023,1186.56,1.854,8.61,101.19,0,0.032299999,0.1215,0.090700001,0.025699999,0.0414,0.052999999,0.088200003,0.133100003,0.151700005,0.087499999,0.155399993,0.218799993,1.837624662,-0.491712704,-0.35764157,126.1477264,1248.135143,8.03371886
DEHOSPPRING,9.166462,40.083482,17/06/2023,1205.12,1.883,8.78,111.69,0,0.032299999,0.1215,0.090700001,0.025699999,0.0414,0.052999999,0.088200003,0.133100003,0.151700005,0.087499999,0.155399993,0.218799993,1.837624662,-0.491712704,-0.35764157,126.1477264,1248.135143,8.03371886
DEHOSPPRING,9.166462,40.083482,17/06/2023,1213.44,1.896,8.81,101.59,0,0.032299999,0.1215,0.090700001,0.025699999,0.0414,0.052999999,0.088200003,0.133100003,0.151700005,0.087499999,0.155399993,0.218799993,1.837624662,-0.491712704,-0.35764157,126.1477264,1248.135143,8.03371886
WARC,9.335145,40.172296,22/06/2023,355.84,0.556,8.7,28.78,0,0.0381,0.082599998,0.066399999,0.047699999,0.069799997,0.088799998,0.107600003,0.108499996,0.122500002,0.108599998,0.1175,0.1699,0.649308653,-0.083989508,-0.217488802,30.99356955,598.1061804,8.048864632
WARC,9.335145,40.172296,22/06/2023,352,0.55,8.57,26.19,0,0.0381,0.082599998,0.066399999,0.047699999,0.069799997,0.088799998,0.107600003,0.108499996,0.122500002,0.108599998,0.1175,0.1699,0.649308653,-0.083989508,-0.217488802,30.99356955,598.1061804,8.048864632
WARC,9.335145,40.172296,22/06/2023,350.72,0.548,8.64,28.81,0,0.0381,0.082599998,0.066399999,0.047699999,0.069799997,0.088799998,0.107600003,0.108499996,0.122500002,0.108599998,0.1175,0.1699,0.649308653,-0.083989508,-0.217488802,30.99356955,598.1061804,8.048864632
WEIR SITE,9.206525,40.119202,22/06/2023,185.6,0.29,8.47,7.62,2,0.033500001,0.130899996,0.068700001,0.033,0.0625,0.048300002,0.105899997,0.245499998,0.318300009,0.403600007,0.317699999,0.330500007,0.243268343,-0.353671133,-0.731817211,24.23735773,258.79566,8.270356541
WEIR SITE,9.206525,40.119202,22/06/2023,184.32,0.288,8.38,8.47,2,0.033500001,0.130899996,0.068700001,0.033,0.0625,0.048300002,0.105899997,0.245499998,0.318300009,0.403600007,0.317699999,0.330500007,0.243268343,-0.353671133,-0.731817211,24.23735773,258.79566,8.270356541
WEIR SITE,9.206525,40.119202,22/06/2023,179.84,0.281,8.39,9.47,2,0.033500001,0.130899996,0.068700001,0.033,0.0625,0.048300002,0.105899997,0.245499998,0.318300009,0.403600007,0.317699999,0.330500007,0.243268343,-0.353671133,-0.731817211,24.23735773,258.79566,8.270356541
KEBENA,9.251618,40.048613,22/06/2023,318.72,0.498,8.59,25.58,0,0.043000001,0.091899998,0.0691,0.061099999,0.076700002,0.076899998,0.098499998,0.096699998,0.104599997,0.084399998,0.1008,0.245900005,0.590510384,-0.09015419,-0.047796376,36.55041822,361.5273014,7.917661114
KEBENA,9.251618,40.048613,22/06/2023,320,0.5,8.48,25.43,0,0.043000001,0.091899998,0.0691,0.061099999,0.076700002,0.076899998,0.098499998,0.096699998,0.104599997,0.084399998,0.1008,0.245900005,0.590510384,-0.09015419,-0.047796376,36.55041822,361.5273014,7.917661114
KEBENA,9.251618,40.048613,22/06/2023,316.8,0.495,8.62,26.2,0,0.043000001,0.091899998,0.0691,0.061099999,0.076700002,0.076899998,0.098499998,0.096699998,0.104599997,0.084399998,0.1008,0.245900005,0.590510384,-0.09015419,-0.047796376,36.55041822,361.5273014,7.917661114
KESEM,9.198116,40.045662,22/06/2023,394.88,0.617,8.34,25.49,2,0.0274,0.146200001,0.073100001,0.029200001,0.057599999,0.042399999,0.088200003,0.246900007,0.298400015,0.238199994,0.306199998,0.347900003,0.937723171,-0.434739952,-0.610547665,38.62649637,316.9430365,8.243870694
KESEM,9.198116,40.045662,22/06/2023,388.48,0.607,8.2,22.36,2,0.0274,0.146200001,0.073100001,0.029200001,0.057599999,0.042399999,0.088200003,0.246900007,0.298400015,0.238199994,0.306199998,0.347900003,0.937723171,-0.434739952,-0.610547665,38.62649637,316.9430365,8.243870694
KESEM,9.198116,40.045662,22/06/2023,384,0.6,8.24,21.79,2,0.0274,0.146200001,0.073100001,0.029200001,0.057599999,0.042399999,0.088200003,0.246900007,0.298400015,0.238199994,0.306199998,0.347900003,0.937723171,-0.434739952,-0.610547665,38.62649637,316.9430365,8.243870694
AWASHRIVER@ADDIS RAI,9.188908,40.125419,22/06/2023,313.6,0.49,8.59,23.54,0,0.041299999,0.0616,0.048500001,0.0625,0.090999998,0.109999999,0.118100002,0.117700003,0.130700007,0.123000003,0.132799998,0.143600002,0.37763003,0.192660543,-0.149532734,57.0767142,135.3737275,8.061316276
AWASHRIVER@ADDIS RAI,9.188908,40.125419,22/06/2023,321.92,0.503,8.57,25.63,0,0.041299999,0.0616,0.048500001,0.0625,0.090999998,0.109999999,0.118100002,0.117700003,0.130700007,0.123000003,0.132799998,0.143600002,0.37763003,0.192660543,-0.149532734,57.0767142,135.3737275,8.061316276
AWASHRIVER@ADDIS RAI,9.188908,40.125419,22/06/2023,320.64,0.501,8.56,26.88,0,0.041299999,0.0616,0.048500001,0.0625,0.090999998,0.109999999,0.118100002,0.117700003,0.130700007,0.123000003,0.132799998,0.143600002,0.37763003,0.192660543,-0.149532734,57.0767142,135.3737275,8.061316276
DEHOSPPRING,9.166462,40.083482,22/06/2023,1292.8,2.02,8.72,77.83,0,0.032299999,0.1215,0.090700001,0.025699999,0.0414,0.052999999,0.088200003,0.133100003,0.151700005,0.087499999,0.155399993,0.218799993,1.837624662,-0.491712704,-0.35764157,126.1477264,1248.135143,8.03371886
DEHOSPPRING,9.166462,40.083482,22/06/2023,1257.6,1.965,8.66,95.18,0,0.032299999,0.1215,0.090700001,0.025699999,0.0414,0.052999999,0.088200003,0.133100003,0.151700005,0.087499999,0.155399993,0.218799993,1.837624662,-0.491712704,-0.35764157,126.1477264,1248.135143,8.03371886
DEHOSPPRING,9.166462,40.083482,22/06/2023,1275.52,1.993,8.69,92.03,0,0.032299999,0.1215,0.090700001,0.025699999,0.0414,0.052999999,0.088200003,0.133100003,0.151700005,0.087499999,0.155399993,0.218799993,1.837624662,-0.491712704,-0.35764157,126.1477264,1248.135143,8.03371886
WARC,9.335145,40.172296,27/06/2023,372.48,0.582,8.6,30.13,0,0.0381,0.082599998,0.066399999,0.047699999,0.069799997,0.088799998,0.107600003,0.108499996,0.122500002,0.108599998,0.1175,0.1699,0.649308653,-0.083989508,-0.217488802,30.99356955,598.1061804,8.048864632
WARC,9.335145,40.172296,27/06/2023,375.04,0.586,9.03,32.05,0,0.0381,0.082599998,0.066399999,0.047699999,0.069799997,0.088799998,0.107600003,0.108499996,0.122500002,0.108599998,0.1175,0.1699,0.649308653,-0.083989508,-0.217488802,30.99356955,598.1061804,8.048864632
WARC,9.335145,40.172296,27/06/2023,377.6,0.59,8.67,30.74,0,0.0381,0.082599998,0.066399999,0.047699999,0.069799997,0.088799998,0.107600003,0.108499996,0.122500002,0.108599998,0.1175,0.1699,0.649308653,-0.083989508,-0.217488802,30.99356955,598.1061804,8.048864632
WEIR SITE,9.206525,40.119202,27/06/2023,364.16,0.569,8.71,24.59,0,0.033500001,0.130899996,0.068700001,0.033,0.0625,0.048300002,0.105899997,0.245499998,0.318300009,0.403600007,0.317699999,0.330500007,0.243268343,-0.353671133,-0.731817211,24.23735773,258.79566,8.270356541
WEIR SITE,9.206525,40.119202,27/06/2023,368.64,0.576,8.95,24.17,0,0.033500001,0.130899996,0.068700001,0.033,0.0625,0.048300002,0.105899997,0.245499998,0.318300009,0.403600007,0.317699999,0.330500007,0.243268343,-0.353671133,-0.731817211,24.23735773,258.79566,8.270356541
WEIR SITE,9.206525,40.119202,27/06/2023,366.08,0.572,9.01,23.81,0,0.033500001,0.130899996,0.068700001,0.033,0.0625,0.048300002,0.105899997,0.245499998,0.318300009,0.403600007,0.317699999,0.330500007,0.243268343,-0.353671133,-0.731817211,24.23735773,258.79566,8.270356541
KEBENA,9.251618,40.048613,27/06/2023,192,0.3,9.09,9.35,0,0.043000001,0.091899998,0.0691,0.061099999,0.076700002,0.076899998,0.098499998,0.096699998,0.104599997,0.084399998,0.1008,0.245900005,0.590510384,-0.09015419,-0.047796376,36.55041822,361.5273014,7.917661114
KEBENA,9.251618,40.048613,27/06/2023,188.16,0.294,9.11,9.88,0,0.043000001,0.091899998,0.0691,0.061099999,0.076700002,0.076899998,0.098499998,0.096699998,0.104599997,0.084399998,0.1008,0.245900005,0.590510384,-0.09015419,-0.047796376,36.55041822,361.5273014,7.917661114
KEBENA,9.251618,40.048613,27/06/2023,188.16,0.294,9,9.6,0,0.043000001,0.091899998,0.0691,0.061099999,0.076700002,0.076899998,0.098499998,0.096699998,0.104599997,0.084399998,0.1008,0.245900005,0.590510384,-0.09015419,-0.047796376,36.55041822,361.5273014,7.917661114
KESEM,9.198116,40.045662,27/06/2023,356.48,0.557,8.26,27.01,0,0.0274,0.146200001,0.073100001,0.029200001,0.057599999,0.042399999,0.088200003,0.246900007,0.298400015,0.238199994,0.306199998,0.347900003,0.937723171,-0.434739952,-0.610547665,38.62649637,316.9430365,8.243870694
KESEM,9.198116,40.045662,27/06/2023,336.64,0.526,8.79,28.44,0,0.0274,0.146200001,0.073100001,0.029200001,0.057599999,0.042399999,0.088200003,0.246900007,0.298400015,0.238199994,0.306199998,0.347900003,0.937723171,-0.434739952,-0.610547665,38.62649637,316.9430365,8.243870694
KESEM,9.198116,40.045662,27/06/2023,336,0.525,8.86,28.38,0,0.0274,0.146200001,0.073100001,0.029200001,0.057599999,0.042399999,0.088200003,0.246900007,0.298400015,0.238199994,0.306199998,0.347900003,0.937723171,-0.434739952,-0.610547665,38.62649637,316.9430365,8.243870694
AWASHRIVER@ADDIS RAI,9.188908,40.125419,27/06/2023,381.44,0.596,8.78,27.15,0,0.041299999,0.0616,0.048500001,0.0625,0.090999998,0.109999999,0.118100002,0.117700003,0.130700007,0.123000003,0.132799998,0.143600002,0.37763003,0.192660543,-0.149532734,57.0767142,135.3737275,8.061316276
AWASHRIVER@ADDIS RAI,9.188908,40.125419,27/06/2023,165.12,0.258,8.78,26.89,0,0.041299999,0.0616,0.048500001,0.0625,0.090999998,0.109999999,0.118100002,0.117700003,0.130700007,0.123000003,0.132799998,0.143600002,0.37763003,0.192660543,-0.149532734,57.0767142,135.3737275,8.061316276
AWASHRIVER@ADDIS RAI,9.188908,40.125419,27/06/2023,339.84,0.531,8.8,27.41,0,0.041299999,0.0616,0.048500001,0.0625,0.090999998,0.109999999,0.118100002,0.117700003,0.130700007,0.123000003,0.132799998,0.143600002,0.37763003,0.192660543,-0.149532734,57.0767142,135.3737275,8.061316276
DEHOSPPRING,9.166462,40.083482,27/06/2023,1172.48,1.832,9.26,84.33,0,0.032299999,0.1215,0.090700001,0.025699999,0.0414,0.052999999,0.088200003,0.133100003,0.151700005,0.087499999,0.155399993,0.218799993,1.837624662,-0.491712704,-0.35764157,126.1477264,1248.135143,8.03371886
DEHOSPPRING,9.166462,40.083482,27/06/2023,1152,1.8,9.24,81.25,0,0.032299999,0.1215,0.090700001,0.025699999,0.0414,0.052999999,0.088200003,0.133100003,0.151700005,0.087499999,0.155399993,0.218799993,1.837624662,-0.491712704,-0.35764157,126.1477264,1248.135143,8.03371886
DEHOSPPRING,9.166462,40.083482,27/06/2023,1146.88,1.792,9.13,80,0,0.032299999,0.1215,0.090700001,0.025699999,0.0414,0.052999999,0.088200003,0.133100003,0.151700005,0.087499999,0.155399993,0.218799993,1.837624662,-0.491712704,-0.35764157,126.1477264,1248.135143,8.03371886
WARC,9.335145,40.172296,08/08/2023,508.8,0.795,8.6,55.04,0,0.0381,0.082599998,0.066399999,0.047699999,0.069799997,0.088799998,0.107600003,0.108499996,0.122500002,0.108599998,0.1175,0.1699,0.649308653,-0.083989508,-0.217488802,30.99356955,598.1061804,8.048864632
WARC,9.335145,40.172296,08/08/2023,496.64,0.776,8.4,50.84,0,0.0381,0.082599998,0.066399999,0.047699999,0.069799997,0.088799998,0.107600003,0.108499996,0.122500002,0.108599998,0.1175,0.1699,0.649308653,-0.083989508,-0.217488802,30.99356955,598.1061804,8.048864632
WARC,9.335145,40.172296,08/08/2023,497.92,0.778,8.81,52.51,0,0.0381,0.082599998,0.066399999,0.047699999,0.069799997,0.088799998,0.107600003,0.108499996,0.122500002,0.108599998,0.1175,0.1699,0.649308653,-0.083989508,-0.217488802,30.99356955,598.1061804,8.048864632
WEIR SITE,9.206525,40.119202,08/08/2023,220.8,0.345,8.31,19.57,0,0.033500001,0.130899996,0.068700001,0.033,0.0625,0.048300002,0.105899997,0.245499998,0.318300009,0.403600007,0.317699999,0.330500007,0.243268343,-0.353671133,-0.731817211,24.23735773,258.79566,8.270356541
WEIR SITE,9.206525,40.119202,08/08/2023,218.88,0.342,8.62,19.03,0,0.033500001,0.130899996,0.068700001,0.033,0.0625,0.048300002,0.105899997,0.245499998,0.318300009,0.403600007,0.317699999,0.330500007,0.243268343,-0.353671133,-0.731817211,24.23735773,258.79566,8.270356541
WEIR SITE,9.206525,40.119202,08/08/2023,216.96,0.339,8.7,19.39,0,0.033500001,0.130899996,0.068700001,0.033,0.0625,0.048300002,0.105899997,0.245499998,0.318300009,0.403600007,0.317699999,0.330500007,0.243268343,-0.353671133,-0.731817211,24.23735773,258.79566,8.270356541
KEBENA,9.251618,40.048613,08/08/2023,444.16,0.694,9.01,48.34,0,0.043000001,0.091899998,0.0691,0.061099999,0.076700002,0.076899998,0.098499998,0.096699998,0.104599997,0.084399998,0.1008,0.245900005,0.590510384,-0.09015419,-0.047796376,36.55041822,361.5273014,7.917661114
KEBENA,9.251618,40.048613,08/08/2023,440.96,0.689,9.07,51.53,0,0.043000001,0.091899998,0.0691,0.061099999,0.076700002,0.076899998,0.098499998,0.096699998,0.104599997,0.084399998,0.1008,0.245900005,0.590510384,-0.09015419,-0.047796376,36.55041822,361.5273014,7.917661114
KEBENA,9.251618,40.048613,08/08/2023,444.16,0.694,9.09,47.7,0,0.043000001,0.091899998,0.0691,0.061099999,0.076700002,0.076899998,0.098499998,0.096699998,0.104599997,0.084399998,0.1008,0.245900005,0.590510384,-0.09015419,-0.047796376,36.55041822,361.5273014,7.917661114
KESEM,9.198116,40.045662,08/08/2023,414.72,0.648,9.07,39.01,0,0.0274,0.146200001,0.073100001,0.029200001,0.057599999,0.042399999,0.088200003,0.246900007,0.298400015,0.238199994,0.306199998,0.347900003,0.937723171,-0.434739952,-0.610547665,38.62649637,316.9430365,8.243870694
KESEM,9.198116,40.045662,08/08/2023,416.64,0.651,9.01,38.85,0,0.0274,0.146200001,0.073100001,0.029200001,0.057599999,0.042399999,0.088200003,0.246900007,0.298400015,0.238199994,0.306199998,0.347900003,0.937723171,-0.434739952,-0.610547665,38.62649637,316.9430365,8.243870694
KESEM,9.198116,40.045662,08/08/2023,419.84,0.656,9.03,39.29,0,0.0274,0.146200001,0.073100001,0.029200001,0.057599999,0.042399999,0.088200003,0.246900007,0.298400015,0.238199994,0.306199998,0.347900003,0.937723171,-0.434739952,-0.610547665,38.62649637,316.9430365,8.243870694
AWASHRIVER@ADDIS RAI,9.188908,40.125419,08/08/2023,447.36,0.699,9.16,51.08,0,0.041299999,0.0616,0.048500001,0.0625,0.090999998,0.109999999,0.118100002,0.117700003,0.130700007,0.123000003,0.132799998,0.143600002,0.37763003,0.192660543,-0.149532734,57.0767142,135.3737275,8.061316276
AWASHRIVER@ADDIS RAI,9.188908,40.125419,08/08/2023,446.72,0.698,9.2,49.04,0,0.041299999,0.0616,0.048500001,0.0625,0.090999998,0.109999999,0.118100002,0.117700003,0.130700007,0.123000003,0.132799998,0.143600002,0.37763003,0.192660543,-0.149532734,57.0767142,135.3737275,8.061316276
AWASHRIVER@ADDIS RAI,9.188908,40.125419,08/08/2023,449.28,0.702,9.18,49.34,0,0.041299999,0.0616,0.048500001,0.0625,0.090999998,0.109999999,0.118100002,0.117700003,0.130700007,0.123000003,0.132799998,0.143600002,0.37763003,0.192660543,-0.149532734,57.0767142,135.3737275,8.061316276
DEHOSPPRING,9.166462,40.083482,08/08/2023,1344,2.1,9.66,113.45,0,0.032299999,0.1215,0.090700001,0.025699999,0.0414,0.052999999,0.088200003,0.133100003,0.151700005,0.087499999,0.155399993,0.218799993,1.837624662,-0.491712704,-0.35764157,126.1477264,1248.135143,8.03371886
DEHOSPPRING,9.166462,40.083482,08/08/2023,1344,2.1,9.58,125.24,0,0.032299999,0.1215,0.090700001,0.025699999,0.0414,0.052999999,0.088200003,0.133100003,0.151700005,0.087499999,0.155399993,0.218799993,1.837624662,-0.491712704,-0.35764157,126.1477264,1248.135143,8.03371886
DEHOSPPRING,9.166462,40.083482,08/08/2023,1344,2.1,9.61,126.49,0,0.032299999,0.1215,0.090700001,0.025699999,0.0414,0.052999999,0.088200003,0.133100003,0.151700005,0.087499999,0.155399993,0.218799993,1.837624662,-0.491712704,-0.35764157,126.1477264,1248.135143,8.03371886
WARC,9.335145,40.172296,13/08/2023,297.6,0.465,7.55,37.95,1,0.0381,0.082599998,0.066399999,0.047699999,0.069799997,0.088799998,0.107600003,0.108499996,0.122500002,0.108599998,0.1175,0.1699,0.649308653,-0.083989508,-0.217488802,30.99356955,598.1061804,8.048864632
WARC,9.335145,40.172296,13/08/2023,295.04,0.461,7.88,38.9,1,0.0381,0.082599998,0.066399999,0.047699999,0.069799997,0.088799998,0.107600003,0.108499996,0.122500002,0.108599998,0.1175,0.1699,0.649308653,-0.083989508,-0.217488802,30.99356955,598.1061804,8.048864632
WARC,9.335145,40.172296,13/08/2023,296.32,0.463,8.31,3.84,1,0.0381,0.082599998,0.066399999,0.047699999,0.069799997,0.088799998,0.107600003,0.108499996,0.122500002,0.108599998,0.1175,0.1699,0.649308653,-0.083989508,-0.217488802,30.99356955,598.1061804,8.048864632
WEIR SITE,9.206525,40.119202,13/08/2023,153.6,0.24,7.61,11.85,1,0.033500001,0.130899996,0.068700001,0.033,0.0625,0.048300002,0.105899997,0.245499998,0.318300009,0.403600007,0.317699999,0.330500007,0.243268343,-0.353671133,-0.731817211,24.23735773,258.79566,8.270356541
WEIR SITE,9.206525,40.119202,13/08/2023,136.32,0.213,7.81,11.59,1,0.033500001,0.130899996,0.068700001,0.033,0.0625,0.048300002,0.105899997,0.245499998,0.318300009,0.403600007,0.317699999,0.330500007,0.243268343,-0.353671133,-0.731817211,24.23735773,258.79566,8.270356541
WEIR SITE,9.206525,40.119202,13/08/2023,138.24,0.216,7.99,11.85,1,0.033500001,0.130899996,0.068700001,0.033,0.0625,0.048300002,0.105899997,0.245499998,0.318300009,0.403600007,0.317699999,0.330500007,0.243268343,-0.353671133,-0.731817211,24.23735773,258.79566,8.270356541
KEBENA,9.251618,40.048613,13/08/2023,312.96,0.489,8,37.12,1,0.043000001,0.091899998,0.0691,0.061099999,0.076700002,0.076899998,0.098499998,0.096699998,0.104599997,0.084399998,0.1008,0.245900005,0.590510384,-0.09015419,-0.047796376,36.55041822,361.5273014,7.917661114
KEBENA,9.251618,40.048613,13/08/2023,264.32,0.413,8.27,36.68,1,0.043000001,0.091899998,0.0691,0.061099999,0.076700002,0.076899998,0.098499998,0.096699998,0.104599997,0.084399998,0.1008,0.245900005,0.590510384,-0.09015419,-0.047796376,36.55041822,361.5273014,7.917661114
KEBENA,9.251618,40.048613,13/08/2023,274.56,0.429,8.19,37.65,1,0.043000001,0.091899998,0.0691,0.061099999,0.076700002,0.076899998,0.098499998,0.096699998,0.104599997,0.084399998,0.1008,0.245900005,0.590510384,-0.09015419,-0.047796376,36.55041822,361.5273014,7.917661114
KESEM,9.198116,40.045662,13/08/2023,348.8,0.545,8.25,36.28,1,0.0274,0.146200001,0.073100001,0.029200001,0.057599999,0.042399999,0.088200003,0.246900007,0.298400015,0.238199994,0.306199998,0.347900003,0.937723171,-0.434739952,-0.610547665,38.62649637,316.9430365,8.243870694
KESEM,9.198116,40.045662,13/08/2023,321.28,0.502,8.22,33.3,1,0.0274,0.146200001,0.073100001,0.029200001,0.057599999,0.042399999,0.088200003,0.246900007,0.298400015,0.238199994,0.306199998,0.347900003,0.937723171,-0.434739952,-0.610547665,38.62649637,316.9430365,8.243870694
KESEM,9.198116,40.045662,13/08/2023,265.6,0.415,8.3,33.14,1,0.0274,0.146200001,0.073100001,0.029200001,0.057599999,0.042399999,0.088200003,0.246900007,0.298400015,0.238199994,0.306199998,0.347900003,0.937723171,-0.434739952,-0.610547665,38.62649637,316.9430365,8.243870694
AWASHRIVER@ADDIS RAI,9.188908,40.125419,13/08/2023,272,0.425,8.31,37.33,1,0.041299999,0.0616,0.048500001,0.0625,0.090999998,0.109999999,0.118100002,0.117700003,0.130700007,0.123000003,0.132799998,0.143600002,0.37763003,0.192660543,-0.149532734,57.0767142,135.3737275,8.061316276
AWASHRIVER@ADDIS RAI,9.188908,40.125419,13/08/2023,268.16,0.419,8.4,39.11,1,0.041299999,0.0616,0.048500001,0.0625,0.090999998,0.109999999,0.118100002,0.117700003,0.130700007,0.123000003,0.132799998,0.143600002,0.37763003,0.192660543,-0.149532734,57.0767142,135.3737275,8.061316276
AWASHRIVER@ADDIS RAI,9.188908,40.125419,13/08/2023,271.36,0.424,8.53,39.96,1,0.041299999,0.0616,0.048500001,0.0625,0.090999998,0.109999999,0.118100002,0.117700003,0.130700007,0.123000003,0.132799998,0.143600002,0.37763003,0.192660543,-0.149532734,57.0767142,135.3737275,8.061316276
DEHOSPPRING,9.166462,40.083482,13/08/2023,1280,2,8.82,136.75,0,0.032299999,0.1215,0.090700001,0.025699999,0.0414,0.052999999,0.088200003,0.133100003,0.151700005,0.087499999,0.155399993,0.218799993,1.837624662,-0.491712704,-0.35764157,126.1477264,1248.135143,8.03371886
DEHOSPPRING,9.166462,40.083482,13/08/2023,1356.8,2.12,8.8,142.51,0,0.032299999,0.1215,0.090700001,0.025699999,0.0414,0.052999999,0.088200003,0.133100003,0.151700005,0.087499999,0.155399993,0.218799993,1.837624662,-0.491712704,-0.35764157,126.1477264,1248.135143,8.03371886
DEHOSPPRING,9.166462,40.083482,13/08/2023,1344,2.1,8.72,123.54,0,0.032299999,0.1215,0.090700001,0.025699999,0.0414,0.052999999,0.088200003,0.133100003,0.151700005,0.087499999,0.155399993,0.218799993,1.837624662,-0.491712704,-0.35764157,126.1477264,1248.135143,8.03371886
WARC,9.335145,40.172296,18/08/2023,289.28,0.452,8.85,34.8,0,0.0381,0.082599998,0.066399999,0.047699999,0.069799997,0.088799998,0.107600003,0.108499996,0.122500002,0.108599998,0.1175,0.1699,0.649308653,-0.083989508,-0.217488802,30.99356955,598.1061804,8.048864632
WARC,9.335145,40.172296,18/08/2023,287.36,0.449,8.8,34.8,0,0.0381,0.082599998,0.066399999,0.047699999,0.069799997,0.088799998,0.107600003,0.108499996,0.122500002,0.108599998,0.1175,0.1699,0.649308653,-0.083989508,-0.217488802,30.99356955,598.1061804,8.048864632
WARC,9.335145,40.172296,18/08/2023,289.92,0.453,8.82,35.1,0,0.0381,0.082599998,0.066399999,0.047699999,0.069799997,0.088799998,0.107600003,0.108499996,0.122500002,0.108599998,0.1175,0.1699,0.649308653,-0.083989508,-0.217488802,30.99356955,598.1061804,8.048864632
WEIR SITE,9.206525,40.119202,18/08/2023,147.2,0.23,8.75,12.7,0,0.033500001,0.130899996,0.068700001,0.033,0.0625,0.048300002,0.105899997,0.245499998,0.318300009,0.403600007,0.317699999,0.330500007,0.243268343,-0.353671133,-0.731817211,24.23735773,258.79566,8.270356541
WEIR SITE,9.206525,40.119202,18/08/2023,150.4,0.235,8.65,12.01,0,0.033500001,0.130899996,0.068700001,0.033,0.0625,0.048300002,0.105899997,0.245499998,0.318300009,0.403600007,0.317699999,0.330500007,0.243268343,-0.353671133,-0.731817211,24.23735773,258.79566,8.270356541
WEIR SITE,9.206525,40.119202,18/08/2023,149.12,0.233,8.73,12.53,0,0.033500001,0.130899996,0.068700001,0.033,0.0625,0.048300002,0.105899997,0.245499998,0.318300009,0.403600007,0.317699999,0.330500007,0.243268343,-0.353671133,-0.731817211,24.23735773,258.79566,8.270356541
KEBENA,9.251618,40.048613,18/08/2023,252.8,0.395,8.82,34.99,0,0.043000001,0.091899998,0.0691,0.061099999,0.076700002,0.076899998,0.098499998,0.096699998,0.104599997,0.084399998,0.1008,0.245900005,0.590510384,-0.09015419,-0.047796376,36.55041822,361.5273014,7.917661114
KEBENA,9.251618,40.048613,18/08/2023,251.52,0.393,8.81,32.48,0,0.043000001,0.091899998,0.0691,0.061099999,0.076700002,0.076899998,0.098499998,0.096699998,0.104599997,0.084399998,0.1008,0.245900005,0.590510384,-0.09015419,-0.047796376,36.55041822,361.5273014,7.917661114
KEBENA,9.251618,40.048613,18/08/2023,251.52,0.393,8.85,31.62,0,0.043000001,0.091899998,0.0691,0.061099999,0.076700002,0.076899998,0.098499998,0.096699998,0.104599997,0.084399998,0.1008,0.245900005,0.590510384,-0.09015419,-0.047796376,36.55041822,361.5273014,7.917661114
KESEM,9.198116,40.045662,18/08/2023,416,0.65,8.98,36.32,1,0.0274,0.146200001,0.073100001,0.029200001,0.057599999,0.042399999,0.088200003,0.246900007,0.298400015,0.238199994,0.306199998,0.347900003,0.937723171,-0.434739952,-0.610547665,38.62649637,316.9430365,8.243870694
KESEM,9.198116,40.045662,18/08/2023,416.64,0.651,8.99,39.55,1,0.0274,0.146200001,0.073100001,0.029200001,0.057599999,0.042399999,0.088200003,0.246900007,0.298400015,0.238199994,0.306199998,0.347900003,0.937723171,-0.434739952,-0.610547665,38.62649637,316.9430365,8.243870694
KESEM,9.198116,40.045662,18/08/2023,420.48,0.657,9.03,36.24,1,0.0274,0.146200001,0.073100001,0.029200001,0.057599999,0.042399999,0.088200003,0.246900007,0.298400015,0.238199994,0.306199998,0.347900003,0.937723171,-0.434739952,-0.610547665,38.62649637,316.9430365,8.243870694
AWASHRIVER@ADDIS RAI,9.188908,40.125419,18/08/2023,248.32,0.388,8.9,28.45,0,0.041299999,0.0616,0.048500001,0.0625,0.090999998,0.109999999,0.118100002,0.117700003,0.130700007,0.123000003,0.132799998,0.143600002,0.37763003,0.192660543,-0.149532734,57.0767142,135.3737275,8.061316276
AWASHRIVER@ADDIS RAI,9.188908,40.125419,18/08/2023,248.96,0.389,8.88,29.03,0,0.041299999,0.0616,0.048500001,0.0625,0.090999998,0.109999999,0.118100002,0.117700003,0.130700007,0.123000003,0.132799998,0.143600002,0.37763003,0.192660543,-0.149532734,57.0767142,135.3737275,8.061316276
AWASHRIVER@ADDIS RAI,9.188908,40.125419,18/08/2023,246.4,0.385,8.86,32.2,0,0.041299999,0.0616,0.048500001,0.0625,0.090999998,0.109999999,0.118100002,0.117700003,0.130700007,0.123000003,0.132799998,0.143600002,0.37763003,0.192660543,-0.149532734,57.0767142,135.3737275,8.061316276
DEHOSPPRING,9.166462,40.083482,18/08/2023,1491.2,2.33,9.66,127.98,0,0.032299999,0.1215,0.090700001,0.025699999,0.0414,0.052999999,0.088200003,0.133100003,0.151700005,0.087499999,0.155399993,0.218799993,1.837624662,-0.491712704,-0.35764157,126.1477264,1248.135143,8.03371886
DEHOSPPRING,9.166462,40.083482,18/08/2023,1472,2.3,9.64,119.91,0,0.032299999,0.1215,0.090700001,0.025699999,0.0414,0.052999999,0.088200003,0.133100003,0.151700005,0.087499999,0.155399993,0.218799993,1.837624662,-0.491712704,-0.35764157,126.1477264,1248.135143,8.03371886
DEHOSPPRING,9.166462,40.083482,18/08/2023,1478.4,2.31,9.63,137.57,0,0.032299999,0.1215,0.090700001,0.025699999,0.0414,0.052999999,0.088200003,0.133100003,0.151700005,0.087499999,0.155399993,0.218799993,1.837624662,-0.491712704,-0.35764157,126.1477264,1248.135143,8.03371886
KESEM,9.335145,40.172296,12/04/2024,325.76,0.509,8.34,64.96,0,0.0381,0.082599998,0.066399999,0.047699999,0.069799997,0.088799998,0.107600003,0.108499996,0.122500002,0.108599998,0.1175,0.1699,0.649308653,-0.083989508,-0.217488802,30.99356955,598.1061804,8.048864632
KESEM,9.335145,40.172296,12/04/2024,321.92,0.503,8.68,41.95,0,0.0381,0.082599998,0.066399999,0.047699999,0.069799997,0.088799998,0.107600003,0.108499996,0.122500002,0.108599998,0.1175,0.1699,0.649308653,-0.083989508,-0.217488802,30.99356955,598.1061804,8.048864632
KESEM,9.335145,40.172296,12/04/2024,327.68,0.512,8.58,43.46,0,0.0381,0.082599998,0.066399999,0.047699999,0.069799997,0.088799998,0.107600003,0.108499996,0.122500002,0.108599998,0.1175,0.1699,0.649308653,-0.083989508,-0.217488802,30.99356955,598.1061804,8.048864632
Beseka  out  gate,8.888565,39.917802,12/04/2024,1491.2,2.33,10.01,267.98,0,0.0166,0.019400001,0.0173,0.019099999,0.034299999,0.026900001,0.031800002,0.0144,0.017899999,0.0146,0.0135,0.046999998,2.191922431,0.277467391,0.402862969,308.2256643,1358.21143,7.398712366
Beseka  out  gate,8.888565,39.917802,12/04/2024,1529.6,2.39,10.01,281.93,0,0.0166,0.019400001,0.0173,0.019099999,0.034299999,0.026900001,0.031800002,0.0144,0.017899999,0.0146,0.0135,0.046999998,2.191922431,0.277467391,0.402862969,308.2256643,1358.21143,7.398712366
Beseka  out  gate,8.888565,39.917802,12/04/2024,1542.4,2.41,10.01,279.29,0,0.0166,0.019400001,0.0173,0.019099999,0.034299999,0.026900001,0.031800002,0.0144,0.017899999,0.0146,0.0135,0.046999998,2.191922431,0.277467391,0.402862969,308.2256643,1358.21143,7.398712366
Beseka  middle,8.89731,39.90717,12/04/2024,1497.6,2.34,9.97,275.92,0,0.0108,0.0142,0.0129,0.014,0.024599999,0.018100001,0.022500001,0.0123,0.0141,0.0119,0.0133,0.0043,2.693107535,0.268041219,0.347945181,339.1519129,1662.865298,7.588445376
Beseka  middle,8.89731,39.90717,12/04/2024,1529.6,2.39,9.98,327.9,0,0.0108,0.0142,0.0129,0.014,0.024599999,0.018100001,0.022500001,0.0123,0.0141,0.0119,0.0133,0.0043,2.693107535,0.268041219,0.347945181,339.1519129,1662.865298,7.588445376
Beseka  middle,8.89731,39.90717,12/04/2024,1497.6,2.34,9.98,264.84,0,0.0108,0.0142,0.0129,0.014,0.024599999,0.018100001,0.022500001,0.0123,0.0141,0.0119,0.0133,0.0043,2.693107535,0.268041219,0.347945181,339.1519129,1662.865298,7.588445376
Beseka  uper,8.90574,39.8977,12/04/2024,1516.8,2.37,9.59,415.62,0,0.0047,0.0141,0.0143,0.0109,0.0188,0.0162,0.021199999,0.0074,0.0087,0.0075,0.0089,0,2.943189949,0.142857127,0.429657798,364.6492915,1740.60855,7.820746663
Beseka  uper,8.90574,39.8977,12/04/2024,1529.6,2.39,9.61,410.88,0,0.0047,0.0141,0.0143,0.0109,0.0188,0.0162,0.021199999,0.0074,0.0087,0.0075,0.0089,0,2.943189949,0.142857127,0.429657798,364.6492915,1740.60855,7.820746663
Beseka  uper,8.90574,39.8977,12/04/2024,1536,2.4,9.67,293.98,0,0.0047,0.0141,0.0143,0.0109,0.0188,0.0162,0.021199999,0.0074,0.0087,0.0075,0.0089,0,2.943189949,0.142857127,0.429657798,364.6492915,1740.60855,7.820746663
DEHOSPPRING,9.166462,40.083482,12/04/2024,2028.8,3.17,10.18,206.59,0,0.032299999,0.1215,0.090700001,0.025699999,0.0414,0.052999999,0.088200003,0.133100003,0.151700005,0.087499999,0.155399993,0.218799993,1.837624662,-0.491712704,-0.35764157,126.1477264,1248.135143,8.03371886
DEHOSPPRING,9.166462,40.083482,12/04/2024,2041.6,3.19,10.19,201.3,0,0.032299999,0.1215,0.090700001,0.025699999,0.0414,0.052999999,0.088200003,0.133100003,0.151700005,0.087499999,0.155399993,0.218799993,1.837624662,-0.491712704,-0.35764157,126.1477264,1248.135143,8.03371886
DEHOSPPRING,9.166462,40.083482,12/04/2024,2028.8,3.17,10.19,211.42,0,0.032299999,0.1215,0.090700001,0.025699999,0.0414,0.052999999,0.088200003,0.133100003,0.151700005,0.087499999,0.155399993,0.218799993,1.837624662,-0.491712704,-0.35764157,126.1477264,1248.135143,8.03371886
KEBENA,9.251618,40.048613,12/04/2024,185.6,0.29,8.75,18.38,0,0.043000001,0.091899998,0.0691,0.061099999,0.076700002,0.076899998,0.098499998,0.096699998,0.104599997,0.084399998,0.1008,0.245900005,0.590510384,-0.09015419,-0.047796376,36.55041822,361.5273014,7.917661114
KEBENA,9.251618,40.048613,12/04/2024,215.68,0.337,8.74,16.01,0,0.043000001,0.091899998,0.0691,0.061099999,0.076700002,0.076899998,0.098499998,0.096699998,0.104599997,0.084399998,0.1008,0.245900005,0.590510384,-0.09015419,-0.047796376,36.55041822,361.5273014,7.917661114
KEBENA,9.251618,40.048613,12/04/2024,174.08,0.272,8.82,18.69,0,0.043000001,0.091899998,0.0691,0.061099999,0.076700002,0.076899998,0.098499998,0.096699998,0.104599997,0.084399998,0.1008,0.245900005,0.590510384,-0.09015419,-0.047796376,36.55041822,361.5273014,7.917661114
WEIR SITE,9.206525,40.119202,12/04/2024,379.52,0.593,9.11,66.08,0,0.033500001,0.130899996,0.068700001,0.033,0.0625,0.048300002,0.105899997,0.245499998,0.318300009,0.403600007,0.317699999,0.330500007,0.243268343,-0.353671133,-0.731817211,24.23735773,258.79566,8.270356541
WEIR SITE,9.206525,40.119202,12/04/2024,381.44,0.596,9.08,62.74,0,0.033500001,0.130899996,0.068700001,0.033,0.0625,0.048300002,0.105899997,0.245499998,0.318300009,0.403600007,0.317699999,0.330500007,0.243268343,-0.353671133,-0.731817211,24.23735773,258.79566,8.270356541
WEIR SITE,9.206525,40.119202,12/04/2024,380.16,0.594,8.78,65.04,0,0.033500001,0.130899996,0.068700001,0.033,0.0625,0.048300002,0.105899997,0.245499998,0.318300009,0.403600007,0.317699999,0.330500007,0.243268343,-0.353671133,-0.731817211,24.23735773,258.79566,8.270356541
AWASHRIVER@ADDIS RAI,9.188908,40.125419,12/04/2024,387.84,0.606,8.35,63.94,0,0.041299999,0.0616,0.048500001,0.0625,0.090999998,0.109999999,0.118100002,0.117700003,0.130700007,0.123000003,0.132799998,0.143600002,0.37763003,0.192660543,-0.149532734,57.0767142,135.3737275,8.061316276
AWASHRIVER@ADDIS RAI,9.188908,40.125419,12/04/2024,387.84,0.606,8.46,60.9,0,0.041299999,0.0616,0.048500001,0.0625,0.090999998,0.109999999,0.118100002,0.117700003,0.130700007,0.123000003,0.132799998,0.143600002,0.37763003,0.192660543,-0.149532734,57.0767142,135.3737275,8.061316276
AWASHRIVER@ADDIS RAI,9.188908,40.125419,12/04/2024,389.12,0.608,8.47,65.12,0,0.041299999,0.0616,0.048500001,0.0625,0.090999998,0.109999999,0.118100002,0.117700003,0.130700007,0.123000003,0.132799998,0.143600002,0.37763003,0.192660543,-0.149532734,57.0767142,135.3737275,8.061316276
WARC,9.335145,40.172296,12/04/2024,464.64,0.726,8.64,64.37,0,0.0381,0.082599998,0.066399999,0.047699999,0.069799997,0.088799998,0.107600003,0.108499996,0.122500002,0.108599998,0.1175,0.1699,0.649308653,-0.083989508,-0.217488802,30.99356955,598.1061804,8.048864632
WARC,9.335145,40.172296,12/04/2024,456.96,0.714,8.75,66.16,0,0.0381,0.082599998,0.066399999,0.047699999,0.069799997,0.088799998,0.107600003,0.108499996,0.122500002,0.108599998,0.1175,0.1699,0.649308653,-0.083989508,-0.217488802,30.99356955,598.1061804,8.048864632
WARC,9.335145,40.172296,12/04/2024,468.48,0.732,8.71,65.21,0,0.0381,0.082599998,0.066399999,0.047699999,0.069799997,0.088799998,0.107600003,0.108499996,0.122500002,0.108599998,0.1175,0.1699,0.649308653,-0.083989508,-0.217488802,30.99356955,598.1061804,8.048864632
KESEM,9.335145,40.172296,16/04/2024,331.52,0.518,8.25,68.18,1,0.0381,0.082599998,0.066399999,0.047699999,0.069799997,0.088799998,0.107600003,0.108499996,0.122500002,0.108599998,0.1175,0.1699,0.649308653,-0.083989508,-0.217488802,30.99356955,598.1061804,8.048864632
KESEM,9.335145,40.172296,16/04/2024,329.6,0.515,8.4,46.83,1,0.0381,0.082599998,0.066399999,0.047699999,0.069799997,0.088799998,0.107600003,0.108499996,0.122500002,0.108599998,0.1175,0.1699,0.649308653,-0.083989508,-0.217488802,30.99356955,598.1061804,8.048864632
KESEM,9.335145,40.172296,16/04/2024,330.24,0.516,8.36,48.23,1,0.0381,0.082599998,0.066399999,0.047699999,0.069799997,0.088799998,0.107600003,0.108499996,0.122500002,0.108599998,0.1175,0.1699,0.649308653,-0.083989508,-0.217488802,30.99356955,598.1061804,8.048864632
Beseka  out  gate,8.888565,39.917802,16/04/2024,1440,2.25,10.01,300.31,0,0.0166,0.019400001,0.0173,0.019099999,0.034299999,0.026900001,0.031800002,0.0144,0.017899999,0.0146,0.0135,0.046999998,2.191922431,0.277467391,0.402862969,308.2256643,1358.21143,7.398712366
Beseka  out  gate,8.888565,39.917802,16/04/2024,1452.8,2.27,10.02,312.81,0,0.0166,0.019400001,0.0173,0.019099999,0.034299999,0.026900001,0.031800002,0.0144,0.017899999,0.0146,0.0135,0.046999998,2.191922431,0.277467391,0.402862969,308.2256643,1358.21143,7.398712366
Beseka  out  gate,8.888565,39.917802,16/04/2024,1440,2.25,10.03,296.88,0,0.0166,0.019400001,0.0173,0.019099999,0.034299999,0.026900001,0.031800002,0.0144,0.017899999,0.0146,0.0135,0.046999998,2.191922431,0.277467391,0.402862969,308.2256643,1358.21143,7.398712366
Beseka  middle,8.89731,39.90717,16/04/2024,1459.2,2.28,10.02,319.15,0,0.0108,0.0142,0.0129,0.014,0.024599999,0.018100001,0.022500001,0.0123,0.0141,0.0119,0.0133,0.0043,2.693107535,0.268041219,0.347945181,339.1519129,1662.865298,7.588445376
Beseka  middle,8.89731,39.90717,16/04/2024,1446.4,2.26,10.02,333.12,0,0.0108,0.0142,0.0129,0.014,0.024599999,0.018100001,0.022500001,0.0123,0.0141,0.0119,0.0133,0.0043,2.693107535,0.268041219,0.347945181,339.1519129,1662.865298,7.588445376
Beseka  middle,8.89731,39.90717,16/04/2024,1459.2,2.28,10.01,317.58,0,0.0108,0.0142,0.0129,0.014,0.024599999,0.018100001,0.022500001,0.0123,0.0141,0.0119,0.0133,0.0043,2.693107535,0.268041219,0.347945181,339.1519129,1662.865298,7.588445376
Beseka  uper,8.90574,39.8977,16/04/2024,2028.8,3.17,10.25,467.35,0,0.0047,0.0141,0.0143,0.0109,0.0188,0.0162,0.021199999,0.0074,0.0087,0.0075,0.0089,0,2.943189949,0.142857127,0.429657798,364.6492915,1740.60855,7.820746663
Beseka  uper,8.90574,39.8977,16/04/2024,2035.2,3.18,10.22,408.49,0,0.0047,0.0141,0.0143,0.0109,0.0188,0.0162,0.021199999,0.0074,0.0087,0.0075,0.0089,0,2.943189949,0.142857127,0.429657798,364.6492915,1740.60855,7.820746663
Beseka  uper,8.90574,39.8977,16/04/2024,2028.8,3.17,10.21,418.18,0,0.0047,0.0141,0.0143,0.0109,0.0188,0.0162,0.021199999,0.0074,0.0087,0.0075,0.0089,0,2.943189949,0.142857127,0.429657798,364.6492915,1740.60855,7.820746663
DEHOSPPRING,9.166462,40.083482,16/04/2024,1408,2.2,8.98,226.15,0,0.032299999,0.1215,0.090700001,0.025699999,0.0414,0.052999999,0.088200003,0.133100003,0.151700005,0.087499999,0.155399993,0.218799993,1.837624662,-0.491712704,-0.35764157,126.1477264,1248.135143,8.03371886
DEHOSPPRING,9.166462,40.083482,16/04/2024,1388.8,2.17,8.97,227.04,0,0.032299999,0.1215,0.090700001,0.025699999,0.0414,0.052999999,0.088200003,0.133100003,0.151700005,0.087499999,0.155399993,0.218799993,1.837624662,-0.491712704,-0.35764157,126.1477264,1248.135143,8.03371886
DEHOSPPRING,9.166462,40.083482,16/04/2024,1395.2,2.18,9.04,231.67,0,0.032299999,0.1215,0.090700001,0.025699999,0.0414,0.052999999,0.088200003,0.133100003,0.151700005,0.087499999,0.155399993,0.218799993,1.837624662,-0.491712704,-0.35764157,126.1477264,1248.135143,8.03371886
KEBENA,9.251618,40.048613,16/04/2024,201.6,0.315,8.72,28.96,0,0.043000001,0.091899998,0.0691,0.061099999,0.076700002,0.076899998,0.098499998,0.096699998,0.104599997,0.084399998,0.1008,0.245900005,0.590510384,-0.09015419,-0.047796376,36.55041822,361.5273014,7.917661114
KEBENA,9.251618,40.048613,16/04/2024,200.96,0.314,8.81,27.07,0,0.043000001,0.091899998,0.0691,0.061099999,0.076700002,0.076899998,0.098499998,0.096699998,0.104599997,0.084399998,0.1008,0.245900005,0.590510384,-0.09015419,-0.047796376,36.55041822,361.5273014,7.917661114
KEBENA,9.251618,40.048613,16/04/2024,186.24,0.291,8.83,23.57,0,0.043000001,0.091899998,0.0691,0.061099999,0.076700002,0.076899998,0.098499998,0.096699998,0.104599997,0.084399998,0.1008,0.245900005,0.590510384,-0.09015419,-0.047796376,36.55041822,361.5273014,7.917661114
WEIR SITE,9.206525,40.119202,16/04/2024,488.32,0.763,8.97,83.62,0,0.033500001,0.130899996,0.068700001,0.033,0.0625,0.048300002,0.105899997,0.245499998,0.318300009,0.403600007,0.317699999,0.330500007,0.243268343,-0.353671133,-0.731817211,24.23735773,258.79566,8.270356541
WEIR SITE,9.206525,40.119202,16/04/2024,484.48,0.757,8.97,84.48,0,0.033500001,0.130899996,0.068700001,0.033,0.0625,0.048300002,0.105899997,0.245499998,0.318300009,0.403600007,0.317699999,0.330500007,0.243268343,-0.353671133,-0.731817211,24.23735773,258.79566,8.270356541
WEIR SITE,9.206525,40.119202,16/04/2024,484.48,0.757,8.98,83.79,0,0.033500001,0.130899996,0.068700001,0.033,0.0625,0.048300002,0.105899997,0.245499998,0.318300009,0.403600007,0.317699999,0.330500007,0.243268343,-0.353671133,-0.731817211,24.23735773,258.79566,8.270356541
AWASHRIVER@ADDIS RAI,9.188908,40.125419,16/04/2024,487.68,0.762,8.97,79.12,0,0.041299999,0.0616,0.048500001,0.0625,0.090999998,0.109999999,0.118100002,0.117700003,0.130700007,0.123000003,0.132799998,0.143600002,0.37763003,0.192660543,-0.149532734,57.0767142,135.3737275,8.061316276
AWASHRIVER@ADDIS RAI,9.188908,40.125419,16/04/2024,497.92,0.778,8.98,80.77,0,0.041299999,0.0616,0.048500001,0.0625,0.090999998,0.109999999,0.118100002,0.117700003,0.130700007,0.123000003,0.132799998,0.143600002,0.37763003,0.192660543,-0.149532734,57.0767142,135.3737275,8.061316276
AWASHRIVER@ADDIS RAI,9.188908,40.125419,16/04/2024,494.08,0.772,8.94,79.1,0,0.041299999,0.0616,0.048500001,0.0625,0.090999998,0.109999999,0.118100002,0.117700003,0.130700007,0.123000003,0.132799998,0.143600002,0.37763003,0.192660543,-0.149532734,57.0767142,135.3737275,8.061316276
WARC,9.335145,40.172296,16/04/2024,576.64,0.901,8.93,83.72,0,0.0381,0.082599998,0.066399999,0.047699999,0.069799997,0.088799998,0.107600003,0.108499996,0.122500002,0.108599998,0.1175,0.1699,0.649308653,-0.083989508,-0.217488802,30.99356955,598.1061804,8.048864632
WARC,9.335145,40.172296,16/04/2024,573.44,0.896,8.92,84.71,0,0.0381,0.082599998,0.066399999,0.047699999,0.069799997,0.088799998,0.107600003,0.108499996,0.122500002,0.108599998,0.1175,0.1699,0.649308653,-0.083989508,-0.217488802,30.99356955,598.1061804,8.048864632
WARC,9.335145,40.172296,16/04/2024,577.28,0.902,8.94,82.59,0,0.0381,0.082599998,0.066399999,0.047699999,0.069799997,0.088799998,0.107600003,0.108499996,0.122500002,0.108599998,0.1175,0.1699,0.649308653,-0.083989508,-0.217488802,30.99356955,598.1061804,8.048864632
